Attack,AttackIntensity,Distance,Stations,PayloadSize,LoadFactor,MCS,ChannelWidth,GI,Throughput,TxPackets,RxPackets,LostPackets,PacketLossRate,Delay,Jitter
normal,none,1,2,700,1,3,20,800,29.8206,61450,53251,4448,7.23841,893,0
normal,none,1,2,700,1,3,20,3200,25.3266,52234,45226,4350,8.32791,842,0
normal,none,1,2,700,1,3,80,800,122.312,257354,218414,28276,10.9872,715,0
normal,none,1,2,700,1,3,80,3200,104.908,218750,187336,20752,9.48663,806,0
normal,none,1,2,700,1,3,160,800,230.252,514708,411165,92678,18.0059,395,0
normal,none,1,2,700,1,3,160,3200,199.062,437504,355468,71290,16.2947,458,0
normal,none,1,2,700,1,7,20,800,74.5461,153624,133118,9860,6.41827,998,0
normal,none,1,2,700,1,7,20,3200,63.3606,130582,113144,6743,5.16381,1067,0
normal,none,1,2,700,1,7,80,800,280.971,643378,501734,130772,20.3258,321,0
normal,none,1,2,700,1,7,80,3200,243.792,546882,435343,100683,18.4104,373,0
normal,none,1,2,700,1,7,160,800,494.689,1286754,883373,392242,30.4831,165,0
normal,none,1,2,700,1,7,160,3200,436.143,1093734,778827,303853,27.7813,193,0
normal,none,1,2,700,1,11,20,800,121.454,256040,216882,28466,11.1178,720,0
normal,none,1,2,700,1,11,20,3200,104.161,217636,186002,20950,9.62616,812,0
normal,none,1,2,700,1,11,80,800,427.205,1072330,762866,298412,27.8284,198,0
normal,none,1,2,700,1,11,80,3200,374.727,911454,669156,231334,25.3808,231,0
normal,none,1,2,700,1,11,160,800,708.39,2144544,1264982,868156,40.4821,100,0
normal,none,1,2,700,1,11,160,3200,634.781,1822988,1133537,678138,37.1993,118,0
normal,none,20,2,700,1,3,20,800,29.8206,61450,53251,4448,7.23841,893,0
normal,none,20,2,700,1,3,20,3200,25.3266,52234,45226,4350,8.32791,842,0
normal,none,20,2,700,1,3,80,800,122.312,257354,218414,28276,10.9872,715,0
normal,none,20,2,700,1,3,80,3200,104.908,218750,187336,20752,9.48663,806,0
normal,none,20,2,700,1,3,160,800,230.252,514708,411165,92678,18.0059,395,0
normal,none,20,2,700,1,3,160,3200,199.062,437504,355468,71290,16.2947,458,0
normal,none,20,2,700,1,7,20,800,74.5461,153624,133118,9860,6.41827,998,0
normal,none,20,2,700,1,7,20,3200,63.3606,130582,113144,6743,5.16381,1067,0
normal,none,20,2,700,1,7,80,800,142.3,643378,254107,375533,58.369,362,0
normal,none,20,2,700,1,7,80,3200,123.956,546882,221350,311166,56.8982,422,0
normal,none,20,2,700,1,7,160,800,360.143,1286754,643113,1,7.77149e-05,0,0
normal,none,20,2,700,1,7,160,3200,306.121,1093734,546645,1,9.14299e-05,0,0
normal,none,20,2,700,1,11,20,800,71.6632,256040,127970,1,0.000390564,0,0
normal,none,20,2,700,1,11,20,3200,60.914,217636,108775,1,0.000459483,0,0
normal,none,20,2,700,1,11,80,800,300.131,1072330,535949,1,9.32549e-05,0,0
normal,none,20,2,700,1,11,80,3200,255.105,911454,455544,1,0.000109715,0,0
normal,none,20,2,700,1,11,160,800,600.222,2144544,1071825,1,4.663e-05,0,0
normal,none,20,2,700,1,11,160,3200,510.231,1822988,911127,1,5.4855e-05,0,0
normal,none,1,10,700,1,3,20,800,29.5534,61450,52774,6753,10.9894,1184,30
normal,none,1,10,700,1,3,20,3200,25.0975,52240,44817,5711,10.9322,1263,32
normal,none,1,10,700,1,3,80,800,122.122,257360,218075,26728,10.3855,3195,0
normal,none,1,10,700,1,3,80,3200,104.728,218750,187014,23171,10.5925,2922,0
normal,none,1,10,700,1,3,160,800,230.004,514710,410722,87727,17.044,1906,0
normal,none,1,10,700,1,3,160,3200,198.822,437510,355039,67057,15.327,2189,0
normal,none,1,10,700,1,7,20,800,74.4066,153630,132869,17421,11.3396,1834,10
normal,none,1,10,700,1,7,20,3200,63.2419,130590,112932,14234,10.8998,1602,10
normal,none,1,10,700,1,7,80,800,280.663,643390,501184,124598,19.3659,1566,0
normal,none,1,10,700,1,7,80,3200,243.529,546880,434874,95447,17.453,1808,0
normal,none,1,10,700,1,7,160,800,494.196,1286770,882492,379679,29.5064,828,0
normal,none,1,10,700,1,7,160,3200,435.625,1093750,777902,293315,26.8174,970,0
normal,none,1,10,700,1,11,20,800,121.22,256040,216465,27029,10.5566,3231,0
normal,none,1,10,700,1,11,20,3200,103.995,217640,185705,23193,10.6566,2989,1
normal,none,1,10,700,1,11,80,800,426.787,1072310,762119,287930,26.8514,988,0
normal,none,1,10,700,1,11,80,3200,374.352,911470,668485,222429,24.4033,1149,0
normal,none,1,10,700,1,11,160,800,707.689,2144590,1263730,847116,39.5001,507,0
normal,none,1,10,700,1,11,160,3200,634.15,1822930,1132410,660233,36.2182,593,0
normal,none,20,10,700,1,3,20,800,29.5534,61450,52774,6753,10.9894,1184,30
normal,none,20,10,700,1,3,20,3200,25.0975,52240,44817,5711,10.9322,1263,32
normal,none,20,10,700,1,3,80,800,122.122,257360,218075,26728,10.3855,3195,0
normal,none,20,10,700,1,3,80,3200,104.728,218750,187014,23171,10.5925,2922,0
normal,none,20,10,700,1,3,160,800,230.004,514710,410722,87727,17.044,1906,0
normal,none,20,10,700,1,3,160,3200,198.822,437510,355039,67057,15.327,2189,0
normal,none,20,10,700,1,7,20,800,74.4066,153630,132869,17421,11.3396,1834,10
normal,none,20,10,700,1,7,20,3200,63.2419,130590,112932,14234,10.8998,1602,10
normal,none,20,10,700,1,7,80,800,116.477,643390,207994,423734,65.8596,1887,0
normal,none,20,10,700,1,7,80,3200,102.523,546880,183077,352107,64.3847,2195,10
normal,none,20,10,700,1,7,160,800,352.838,1286770,630067,5,0.00038857,5,0
normal,none,20,10,700,1,7,160,3200,305.96,1093750,546358,5,0.000457143,5,0
normal,none,20,10,700,1,11,20,800,70.2134,256040,125381,5,0.00195282,5,0
normal,none,20,10,700,1,11,20,3200,59.6842,217640,106579,5,0.00229737,5,0
normal,none,20,10,700,1,11,80,800,294.033,1072310,525059,5,0.000466283,5,0
normal,none,20,10,700,1,11,80,3200,249.931,911470,446305,5,0.000548564,5,0
normal,none,20,10,700,1,11,160,800,588.045,2144590,1050081,5,0.000233145,5,0
normal,none,20,10,700,1,11,160,3200,509.957,1822930,910638,6,0.00032914,5,0
normal,none,1,20,700,1,3,20,800,29.7231,61460,53077,7029,11.4367,2196,122
normal,none,1,20,700,1,3,20,3200,25.2409,52240,45073,6224,11.9142,2568,141
normal,none,1,20,700,1,3,80,800,116.35,257360,207768,45988,17.8691,5479,20
normal,none,1,20,700,1,3,80,3200,100.467,218760,179405,31792,14.5328,3094,37
normal,none,1,20,700,1,3,160,800,210.888,514720,376586,124300,24.1491,4016,1
normal,none,1,20,700,1,3,160,3200,184.257,437500,329030,95114,21.7403,4638,20
normal,none,1,20,700,1,7,20,800,72.4814,153640,129431,20923,13.6182,1641,42
normal,none,1,20,700,1,7,20,3200,62.0351,130600,110777,16988,13.0077,1913,60
normal,none,1,20,700,1,7,80,800,251.852,643400,449736,179022,27.8244,3276,0
normal,none,1,20,700,1,7,80,3200,221.268,546880,395122,137694,25.1781,3802,0
normal,none,1,20,700,1,7,160,800,417.45,1286780,745446,490644,38.1296,1729,0
normal,none,1,20,700,1,7,160,3200,372.836,1093760,665779,394219,36.0426,1993,0
normal,none,1,20,700,1,11,20,800,116.184,256040,207471,40854,15.9561,4246,21
normal,none,1,20,700,1,11,20,3200,100.214,217640,178954,31410,14.4321,3008,40
normal,none,1,20,700,1,11,80,800,368.183,1072320,657469,381539,35.5807,2033,0
normal,none,1,20,700,1,11,80,3200,327.997,911460,585709,300410,32.9592,2370,0
normal,none,1,20,700,1,11,160,800,565.591,2144620,1009984,1036040,48.3088,1072,0
normal,none,1,20,700,1,11,160,3200,515.454,1822940,920453,826137,45.3189,1246,0
normal,none,20,20,700,1,3,20,800,29.7231,61460,53077,7029,11.4367,2196,122
normal,none,20,20,700,1,3,20,3200,25.2409,52240,45073,6224,11.9142,2568,141
normal,none,20,20,700,1,3,80,800,116.35,257360,207768,45988,17.8691,5479,20
normal,none,20,20,700,1,3,80,3200,100.467,218760,179405,31792,14.5328,3094,37
normal,none,20,20,700,1,3,160,800,210.888,514720,376586,124300,24.1491,4016,1
normal,none,20,20,700,1,3,160,3200,184.257,437500,329030,95114,21.7403,4638,20
normal,none,20,20,700,1,7,20,800,72.4814,153640,129431,20923,13.6182,1641,42
normal,none,20,20,700,1,7,20,3200,62.0351,130600,110777,16988,13.0077,1913,60
normal,none,20,20,700,1,7,80,800,91.3942,643400,163204,464279,72.1602,3937,40
normal,none,20,20,700,1,7,80,3200,83.1936,546880,148560,386162,70.6118,4543,40
normal,none,20,20,700,1,7,160,800,356.238,1286780,636140,10,0.000777134,20,0
normal,none,20,20,700,1,7,160,3200,302.801,1093760,540716,10,0.000914277,21,0
normal,none,20,20,700,1,11,20,800,70.8943,256040,126597,10,0.00390564,25,10
normal,none,20,20,700,1,11,20,3200,59.0414,217640,105431,10,0.00459474,23,10
normal,none,20,20,700,1,11,80,800,299.82,1072320,535392,10,0.000932557,20,0
normal,none,20,20,700,1,11,80,3200,247.185,911460,441401,10,0.00109714,23,0
normal,none,20,20,700,1,11,160,800,593.722,2144620,1060218,18,0.00083931,20,0
normal,none,20,20,700,1,11,160,3200,504.64,1822940,901143,16,0.000877703,20,0
dos,low,1,2,700,1,3,20,800,29.8077,240021,53228,176052,73.3486,2391,0
dos,low,1,2,700,1,3,20,3200,25.3154,230805,45206,174841,75.7527,2716,0
dos,low,1,2,700,1,3,80,800,122.332,435925,218450,206718,47.4205,757,0
dos,low,1,2,700,1,3,80,3200,104.924,397321,187365,199230,50.1433,856,0
dos,low,1,2,700,1,3,160,800,230.301,693279,411251,271239,39.1241,474,0
dos,low,1,2,700,1,3,160,3200,199.076,616075,355493,249799,40.5468,525,0
dos,low,1,2,700,1,7,20,800,74.5623,332195,133147,188282,56.6782,1129,0
dos,low,1,2,700,1,7,20,3200,63.3735,309153,113167,185213,59.9098,1288,0
dos,low,1,2,700,1,7,80,800,281.02,821949,501821,309293,37.6292,408,0
dos,low,1,2,700,1,7,80,3200,243.84,725453,435428,279170,38.4822,457,0
dos,low,1,2,700,1,7,160,800,494.761,1465325,883502,570812,38.9546,171,0
dos,low,1,2,700,1,7,160,3200,436.21,1272305,778946,482426,37.9175,200,0
dos,low,1,2,700,1,11,20,800,121.47,434611,216910,206980,47.6242,760,0
dos,low,1,2,700,1,11,20,3200,104.182,396207,186039,199419,50.332,858,0
dos,low,1,2,700,1,11,80,800,427.264,1250901,762971,476986,38.1314,204,0
dos,low,1,2,700,1,11,80,3200,374.782,1090025,669254,409848,37.5999,239,0
dos,low,1,2,700,1,11,160,800,708.463,2323115,1265113,1046784,45.0595,104,0
dos,low,1,2,700,1,11,160,3200,634.864,2001559,1133686,856704,42.8018,122,0
dos,low,20,2,700,1,3,20,800,29.8077,240021,53228,176052,73.3486,2391,0
dos,low,20,2,700,1,3,20,3200,25.3154,230805,45206,174841,75.7527,2716,0
dos,low,20,2,700,1,3,80,800,122.332,435925,218450,206718,47.4205,757,0
dos,low,20,2,700,1,3,80,3200,104.924,397321,187365,199230,50.1433,856,0
dos,low,20,2,700,1,3,160,800,230.301,693279,411251,271239,39.1241,474,0
dos,low,20,2,700,1,3,160,3200,199.076,616075,355493,249799,40.5468,525,0
dos,low,20,2,700,1,7,20,800,74.5623,332195,133147,188282,56.6782,1129,0
dos,low,20,2,700,1,7,20,3200,63.3735,309153,113167,185213,59.9098,1288,0
dos,low,20,2,700,1,7,80,800,123.273,821949,220130,586724,71.382,488,0
dos,low,20,2,700,1,7,80,3200,106.865,725453,190830,518056,71.4114,536,0
dos,low,20,2,700,1,7,160,800,360.143,1465325,643113,1,6.82442e-05,0,0
dos,low,20,2,700,1,7,160,3200,306.121,1272305,546645,1,7.85975e-05,0,0
dos,low,20,2,700,1,11,20,800,71.6632,434611,127970,1,0.000230091,0,0
dos,low,20,2,700,1,11,20,3200,60.914,396207,108775,1,0.000252393,0,0
dos,low,20,2,700,1,11,80,800,300.131,1250901,535949,1,7.99424e-05,0,0
dos,low,20,2,700,1,11,80,3200,255.105,1090025,455544,1,9.1741e-05,0,0
dos,low,20,2,700,1,11,160,800,600.222,2323115,1071825,1,4.30457e-05,0,0
dos,low,20,2,700,1,11,160,3200,510.231,2001559,911127,1,4.99611e-05,0,0
dos,low,1,10,700,1,3,20,800,29.7786,240021,53176,176010,73.3311,2752,32
dos,low,1,10,700,1,3,20,3200,25.2902,230811,45161,174264,75.5007,2412,42
dos,low,1,10,700,1,3,80,800,121.806,435931,217510,204870,46.996,3495,0
dos,low,1,10,700,1,3,80,3200,104.509,397321,186624,197547,49.7197,3997,9
dos,low,1,10,700,1,3,160,800,228.794,693281,408560,258032,37.219,1868,0
dos,low,1,10,700,1,3,160,3200,197.999,616081,353569,238235,38.6694,2142,0
dos,low,1,10,700,1,7,20,800,74.4671,332201,132977,188400,56.7127,5223,11
dos,low,1,10,700,1,7,20,3200,63.2688,309161,112980,185299,59.9361,4870,11
dos,low,1,10,700,1,7,80,800,277.843,821961,496148,308068,37.4796,1548,0
dos,low,1,10,700,1,7,80,3200,241.575,725451,431384,266428,36.7258,1771,0
dos,low,1,10,700,1,7,160,800,485.663,1465341,867256,573328,39.1259,822,0
dos,low,1,10,700,1,7,160,3200,428.693,1272321,765523,484040,38.0439,954,0
dos,low,1,10,700,1,11,20,800,120.965,434611,216009,205057,47.1817,3512,0
dos,low,1,10,700,1,11,20,3200,103.795,396211,185349,197731,49.9055,4018,9
dos,low,1,10,700,1,11,80,800,422.275,1250881,754063,474380,37.9237,971,0
dos,low,1,10,700,1,11,80,3200,371.027,1090041,662549,406861,37.3253,1128,0
dos,low,1,10,700,1,11,160,800,694.739,2323161,1240605,1005989,43.3026,528,0
dos,low,1,10,700,1,11,160,3200,622.186,2001501,1111047,860145,42.975,603,0
dos,low,20,10,700,1,3,20,800,29.7786,240021,53176,176010,73.3311,2752,32
dos,low,20,10,700,1,3,20,3200,25.2902,230811,45161,174264,75.5007,2412,42
dos,low,20,10,700,1,3,80,800,121.806,435931,217510,204870,46.996,3495,0
dos,low,20,10,700,1,3,80,3200,104.509,397321,186624,197547,49.7197,3997,9
dos,low,20,10,700,1,3,160,800,228.794,693281,408560,258032,37.219,1868,0
dos,low,20,10,700,1,3,160,3200,197.999,616081,353569,238235,38.6694,2142,0
dos,low,20,10,700,1,7,20,800,74.4671,332201,132977,188400,56.7127,5223,11
dos,low,20,10,700,1,7,20,3200,63.2688,309161,112980,185299,59.9361,4870,11
dos,low,20,10,700,1,7,80,800,117.257,821961,209387,578273,70.3529,1894,2
dos,low,20,10,700,1,7,80,3200,101.782,725451,181753,514315,70.8959,2203,11
dos,low,20,10,700,1,7,160,800,352.838,1465341,630067,5,0.000341218,5,0
dos,low,20,10,700,1,7,160,3200,305.96,1272321,546358,5,0.000392983,5,0
dos,low,20,10,700,1,11,20,800,70.2134,434611,125381,5,0.00115045,5,0
dos,low,20,10,700,1,11,20,3200,59.6842,396211,106579,5,0.00126195,5,0
dos,low,20,10,700,1,11,80,800,294.033,1250881,525059,5,0.000399718,5,0
dos,low,20,10,700,1,11,80,3200,249.931,1090041,446305,5,0.000458698,5,0
dos,low,20,10,700,1,11,160,800,588.045,2323161,1050081,5,0.000215224,5,0
dos,low,20,10,700,1,11,160,3200,509.957,2001501,910638,6,0.000299775,5,0
dos,low,1,20,700,1,3,20,800,29.7562,240031,53136,173805,72.4094,2828,132
dos,low,1,20,700,1,3,20,3200,25.2582,230811,45104,172656,74.8041,3211,166
dos,low,1,20,700,1,3,80,800,116.758,435931,208496,207279,47.5486,5389,23
dos,low,1,20,700,1,3,80,3200,100.658,397331,179747,202116,50.8684,4941,40
dos,low,1,20,700,1,3,160,800,211.324,693291,377365,293653,42.3564,3870,8
dos,low,1,20,700,1,3,160,3200,184.629,616071,329694,265891,43.1591,4448,21
dos,low,1,20,700,1,7,20,800,72.5592,332211,129570,185381,55.8022,3092,47
dos,low,1,20,700,1,7,20,3200,62.1264,309171,110940,181942,58.8483,2641,63
dos,low,1,20,700,1,7,80,800,252.538,821971,450960,346523,42.1576,3183,0
dos,low,1,20,700,1,7,80,3200,222.371,725451,397091,297763,41.0452,3630,4
dos,low,1,20,700,1,7,160,800,416.501,1465351,743752,664358,45.3378,1693,0
dos,low,1,20,700,1,7,160,3200,373.691,1272331,667305,554769,43.6026,1971,0
dos,low,1,20,700,1,11,20,800,116.189,434611,207481,206958,47.6191,5361,23
dos,low,1,20,700,1,11,20,3200,100.068,396211,178693,202119,51.013,4942,41
dos,low,1,20,700,1,11,80,800,366.031,1250891,653626,563803,45.0721,1985,0
dos,low,1,20,700,1,11,80,3200,326.716,1090031,583422,471468,43.2527,2310,0
dos,low,1,20,700,1,11,160,800,561.202,2323191,1002146,1222442,52.6191,1057,0
dos,low,1,20,700,1,11,160,3200,511.511,2001511,913412,1011648,50.5442,1225,0
dos,low,20,20,700,1,3,20,800,29.7562,240031,53136,173805,72.4094,2828,132
dos,low,20,20,700,1,3,20,3200,25.2582,230811,45104,172656,74.8041,3211,166
dos,low,20,20,700,1,3,80,800,116.766,435931,208510,207273,47.5472,5387,23
dos,low,20,20,700,1,3,80,3200,100.658,397331,179747,202116,50.8684,4941,40
dos,low,20,20,700,1,3,160,800,211.324,693291,377365,293653,42.3564,3870,8
dos,low,20,20,700,1,3,160,3200,184.629,616071,329694,265891,43.1591,4448,21
dos,low,20,20,700,1,7,20,800,72.5592,332211,129570,185381,55.8022,3092,47
dos,low,20,20,700,1,7,20,3200,62.1264,309171,110940,181942,58.8483,2641,63
dos,low,20,20,700,1,7,80,800,92.671,821971,165484,607402,73.8958,4040,41
dos,low,20,20,700,1,7,80,3200,85.0909,725451,151948,529528,72.9929,4647,43
dos,low,20,20,700,1,7,160,800,356.238,1465351,636140,10,0.00068243,20,0
dos,low,20,20,700,1,7,160,3200,302.801,1272331,540716,10,0.000785959,21,0
dos,low,20,20,700,1,11,20,800,70.8943,434611,126597,10,0.00230091,25,10
dos,low,20,20,700,1,11,20,3200,59.0414,396211,105431,10,0.00252391,23,10
dos,low,20,20,700,1,11,80,800,299.82,1250891,535392,10,0.00079943,20,0
dos,low,20,20,700,1,11,80,3200,247.185,1090031,441401,10,0.000917405,23,0
dos,low,20,20,700,1,11,160,800,593.722,2323191,1060218,18,0.000774796,20,0
dos,low,20,20,700,1,11,160,3200,504.64,2001511,901143,16,0.000799396,20,0
dos,medium,1,2,700,1,3,20,800,29.825,1132858,53259,1068646,94.3319,1984,3
dos,medium,1,2,700,1,3,20,3200,25.331,1123642,45234,1067484,95.0021,2294,3
dos,medium,1,2,700,1,3,80,800,122.339,1328762,218462,1099385,82.7375,564,0
dos,medium,1,2,700,1,3,80,3200,104.93,1290158,187375,1091890,84.6323,645,0
dos,medium,1,2,700,1,3,160,800,230.306,1586116,411260,1163843,73.3769,332,0
dos,medium,1,2,700,1,3,160,3200,199.087,1508912,355513,1142403,75.7104,375,0
dos,medium,1,2,700,1,7,20,800,74.5634,1225032,133149,1080949,88.2384,872,0
dos,medium,1,2,700,1,7,20,3200,63.3377,1201990,113103,1077868,89.6736,1010,0
dos,medium,1,2,700,1,7,80,800,281.033,1714786,501845,1201927,70.092,287,0
dos,medium,1,2,700,1,7,80,3200,243.849,1618290,435445,1171849,72.4128,319,0
dos,medium,1,2,700,1,7,160,800,494.667,2358162,883334,1463496,62.0609,192,0
dos,medium,1,2,700,1,7,160,3200,436.11,2165142,778767,1375047,63.5084,208,0
dos,medium,1,2,700,1,11,20,800,121.475,1327448,216920,1099581,82.8342,566,0
dos,medium,1,2,700,1,11,20,3200,104.184,1289044,186043,1092096,84.7214,647,0
dos,medium,1,2,700,1,11,80,800,427.17,2143738,762804,1369670,63.8917,210,0
dos,medium,1,2,700,1,11,80,3200,374.69,1982862,669090,1302470,65.6864,230,0
dos,medium,1,2,700,1,11,160,800,708.41,3215952,1265018,1939529,60.3096,155,0
dos,medium,1,2,700,1,11,160,3200,634.813,2894396,1133594,1749387,60.4405,164,0
dos,medium,20,2,700,1,3,20,800,29.825,1132858,53259,1068646,94.3319,1984,3
dos,medium,20,2,700,1,3,20,3200,25.331,1123642,45234,1067484,95.0021,2294,3
dos,medium,20,2,700,1,3,80,800,122.339,1328762,218462,1099385,82.7375,564,0
dos,medium,20,2,700,1,3,80,3200,104.93,1290158,187375,1091890,84.6323,645,0
dos,medium,20,2,700,1,3,160,800,230.306,1586116,411260,1163843,73.3769,332,0
dos,medium,20,2,700,1,3,160,3200,199.087,1508912,355513,1142403,75.7104,375,0
dos,medium,20,2,700,1,7,20,800,74.5634,1225032,133149,1080949,88.2384,872,0
dos,medium,20,2,700,1,7,20,3200,63.3377,1201990,113103,1077868,89.6736,1010,0
dos,medium,20,2,700,1,7,80,800,115.035,1714786,205419,1486760,86.7024,385,0
dos,medium,20,2,700,1,7,80,3200,99.7153,1618290,178063,1412119,87.2599,431,0
dos,medium,20,2,700,1,7,160,800,360.143,2358162,643113,1,4.24059e-05,0,0
dos,medium,20,2,700,1,7,160,3200,306.121,2165142,546645,1,4.61863e-05,0,0
dos,medium,20,2,700,1,11,20,800,71.6632,1327448,127970,1,7.53325e-05,0,0
dos,medium,20,2,700,1,11,20,3200,60.914,1289044,108775,1,7.75769e-05,0,0
dos,medium,20,2,700,1,11,80,800,300.131,2143738,535949,1,4.66475e-05,0,0
dos,medium,20,2,700,1,11,80,3200,255.105,1982862,455544,1,5.04322e-05,0,0
dos,medium,20,2,700,1,11,160,800,600.222,3215952,1071825,1,3.1095e-05,0,0
dos,medium,20,2,700,1,11,160,3200,510.231,2894396,911127,1,3.45495e-05,0,0
dos,medium,1,10,700,1,3,20,800,29.778,1132858,53175,1064106,93.9311,2878,38
dos,medium,1,10,700,1,3,20,3200,25.2907,1123648,45162,1065177,94.7963,2732,44
dos,medium,1,10,700,1,3,80,800,120.99,1328768,216053,1090996,82.1058,3118,3
dos,medium,1,10,700,1,3,80,3200,103.897,1290158,185530,1084501,84.0595,3566,11
dos,medium,1,10,700,1,3,160,800,226.125,1586118,403794,1150173,72.515,1722,0
dos,medium,1,10,700,1,3,160,3200,196.142,1508918,350253,1116474,73.9917,1903,0
dos,medium,1,10,700,1,7,20,800,74.251,1225038,132591,1070259,87.3654,4485,12
dos,medium,1,10,700,1,7,20,3200,63.2358,1201998,112921,1072468,89.2238,5183,13
dos,medium,1,10,700,1,7,80,800,273.761,1714798,488859,1195023,69.6888,1442,0
dos,medium,1,10,700,1,7,80,3200,238.244,1618288,425435,1164933,71.9855,1672,0
dos,medium,1,10,700,1,7,160,800,471.607,2358178,842155,1491166,63.2338,750,0
dos,medium,1,10,700,1,7,160,3200,418.7,2165158,747679,1372869,63.4073,884,0
dos,medium,1,10,700,1,11,20,800,120.264,1327448,214757,1090982,82.1864,3131,3
dos,medium,1,10,700,1,11,20,3200,103.195,1289048,184277,1084699,84.1473,3593,11
dos,medium,1,10,700,1,11,80,800,412.008,2143718,735728,1385429,64.6274,892,0
dos,medium,1,10,700,1,11,80,3200,362.605,1982878,647509,1314564,66.2958,1035,0
dos,medium,1,10,700,1,11,160,800,665.022,3215998,1187540,1994412,62.0153,469,0
dos,medium,1,10,700,1,11,160,3200,601.841,2894338,1074716,1752604,60.5528,555,0
dos,medium,20,10,700,1,3,20,800,29.778,1132858,53175,1064106,93.9311,2878,38
dos,medium,20,10,700,1,3,20,3200,25.2907,1123648,45162,1065177,94.7963,2732,44
dos,medium,20,10,700,1,3,80,800,120.99,1328768,216053,1090996,82.1058,3118,3
dos,medium,20,10,700,1,3,80,3200,103.897,1290158,185530,1084501,84.0595,3566,11
dos,medium,20,10,700,1,3,160,800,226.125,1586118,403794,1150173,72.515,1722,0
dos,medium,20,10,700,1,3,160,3200,196.142,1508918,350253,1116474,73.9917,1903,0
dos,medium,20,10,700,1,7,20,800,74.251,1225038,132591,1070259,87.3654,4485,12
dos,medium,20,10,700,1,7,20,3200,63.2358,1201998,112921,1072468,89.2238,5183,13
dos,medium,20,10,700,1,7,80,800,111.952,1714798,199914,1454220,84.8042,1872,10
dos,medium,20,10,700,1,7,80,3200,96.4914,1618288,172306,1393359,86.1008,2178,12
dos,medium,20,10,700,1,7,160,800,352.838,2358178,630067,5,0.000212028,5,0
dos,medium,20,10,700,1,7,160,3200,305.96,2165158,546358,5,0.00023093,5,0
dos,medium,20,10,700,1,11,20,800,70.2134,1327448,125381,5,0.000376663,5,0
dos,medium,20,10,700,1,11,20,3200,59.6842,1289048,106579,5,0.000387883,5,0
dos,medium,20,10,700,1,11,80,800,294.033,2143718,525059,5,0.00023324,5,0
dos,medium,20,10,700,1,11,80,3200,249.931,1982878,446305,5,0.000252159,5,0
dos,medium,20,10,700,1,11,160,800,588.045,3215998,1050081,5,0.000155473,5,0
dos,medium,20,10,700,1,11,160,3200,509.957,2894338,910638,6,0.000207301,5,0
dos,medium,1,20,700,1,3,20,800,29.7405,1132868,53108,1064748,93.9869,2735,151
dos,medium,1,20,700,1,3,20,3200,25.2454,1123648,45081,1064381,94.7255,3108,177
dos,medium,1,20,700,1,3,80,800,116.273,1328768,207630,1095486,82.4437,6079,28
dos,medium,1,20,700,1,3,80,3200,100.638,1290168,179710,1076043,83.4033,4590,39
dos,medium,1,20,700,1,3,160,800,210.8,1586128,376428,1172153,73.9003,3533,19
dos,medium,1,20,700,1,3,160,3200,184.308,1508908,329121,1144018,75.8176,3978,20
dos,medium,1,20,700,1,7,20,800,72.5122,1225048,129486,1067983,87.1789,2448,47
dos,medium,1,20,700,1,7,20,3200,62.0362,1202008,110779,1072740,89.2457,3195,67
dos,medium,1,20,700,1,7,80,800,252.05,1714808,450090,1220654,71.1831,2956,3
dos,medium,1,20,700,1,7,80,3200,221.522,1618288,395575,1183561,73.1366,3370,6
dos,medium,1,20,700,1,7,160,800,412.863,2358188,737255,1544222,65.4834,1631,0
dos,medium,1,20,700,1,7,160,3200,370.899,2165168,662320,1435914,66.3188,1891,0
dos,medium,1,20,700,1,11,20,800,115.794,1327448,206775,1095028,82.4912,6092,28
dos,medium,1,20,700,1,11,20,3200,100.286,1289048,179082,1075676,83.4473,4475,39
dos,medium,1,20,700,1,11,80,800,363.313,2143728,648774,1429072,66.6629,1890,0
dos,medium,1,20,700,1,11,80,3200,324.536,1982868,579528,1341138,67.6363,2163,0
dos,medium,1,20,700,1,11,160,800,550.997,3216028,983923,2111752,65.6634,1017,0
dos,medium,1,20,700,1,11,160,3200,504.75,2894348,901340,1888888,65.2613,1184,0
dos,medium,20,20,700,1,3,20,800,29.7405,1132868,53108,1064748,93.9869,2735,151
dos,medium,20,20,700,1,3,20,3200,25.2454,1123648,45081,1064381,94.7255,3108,177
dos,medium,20,20,700,1,3,80,800,116.273,1328768,207630,1095486,82.4437,6079,28
dos,medium,20,20,700,1,3,80,3200,100.638,1290168,179710,1076043,83.4033,4590,39
dos,medium,20,20,700,1,3,160,800,210.8,1586128,376428,1172153,73.9003,3533,19
dos,medium,20,20,700,1,3,160,3200,184.308,1508908,329121,1144018,75.8176,3978,20
dos,medium,20,20,700,1,7,20,800,72.5122,1225048,129486,1067983,87.1789,2448,47
dos,medium,20,20,700,1,7,20,3200,62.0362,1202008,110779,1072740,89.2457,3195,67
dos,medium,20,20,700,1,7,80,800,92.6324,1714808,165415,1499423,87.4397,3923,45
dos,medium,20,20,700,1,7,80,3200,82.6868,1618288,147655,1425894,88.1113,4551,47
dos,medium,20,20,700,1,7,160,800,356.238,2358188,636140,10,0.000424054,20,0
dos,medium,20,20,700,1,7,160,3200,302.801,2165168,540716,10,0.000461858,21,0
dos,medium,20,20,700,1,11,20,800,70.8943,1327448,126597,10,0.000753325,25,10
dos,medium,20,20,700,1,11,20,3200,59.0414,1289048,105431,10,0.000775766,23,10
dos,medium,20,20,700,1,11,80,800,299.82,2143728,535392,10,0.000466477,20,0
dos,medium,20,20,700,1,11,80,3200,247.185,1982868,441401,10,0.00050432,23,0
dos,medium,20,20,700,1,11,160,800,593.722,3216028,1060218,18,0.000559697,20,0
dos,medium,20,20,700,1,11,160,3200,504.64,2894348,901143,16,0.000552802,20,0
dos,high,1,2,700,1,3,20,800,29.8077,2204382,53228,2139914,97.0755,1933,2
dos,high,1,2,700,1,3,20,3200,25.3165,2195166,45208,2138811,97.4328,2241,2
dos,high,1,2,700,1,3,80,800,122.288,2400286,218371,2170813,90.4398,516,0
dos,high,1,2,700,1,3,80,3200,104.88,2361682,187285,2163252,91.5979,597,0
dos,high,1,2,700,1,3,160,800,230.257,2657640,411173,2235333,84.1097,286,0
dos,high,1,2,700,1,3,160,3200,199.034,2580436,355417,2213831,85.7929,326,0
dos,high,1,2,700,1,7,20,800,74.5192,2296556,133070,2152301,93.7186,825,0
dos,high,1,2,700,1,7,20,3200,63.3758,2273514,113171,2149094,94.5274,960,0
dos,high,1,2,700,1,7,80,800,280.981,2786310,501751,2273223,81.5854,239,0
dos,high,1,2,700,1,7,80,3200,243.799,2689814,435355,2243270,83.3987,273,0
dos,high,1,2,700,1,7,160,800,494.778,3429686,883532,2534540,73.9001,146,0
dos,high,1,2,700,1,7,160,3200,436.167,3236666,778869,2446347,75.5823,162,0
dos,high,1,2,700,1,11,20,800,121.425,2398972,216831,2171005,90.4973,519,0
dos,high,1,2,700,1,11,20,3200,104.136,2360568,185958,2163512,91.6522,600,0
dos,high,1,2,700,1,11,80,800,427.218,3215262,762890,2440972,75.9183,164,0
dos,high,1,2,700,1,11,80,3200,374.748,3054386,669193,2373833,77.7188,184,0
dos,high,1,2,700,1,11,160,800,708.469,4287476,1265124,3010574,70.2179,107,0
dos,high,1,2,700,1,11,160,3200,634.893,3965920,1133737,2820494,71.1183,118,0
dos,high,20,2,700,1,3,20,800,29.8077,2204382,53228,2139914,97.0755,1933,2
dos,high,20,2,700,1,3,20,3200,25.3165,2195166,45208,2138811,97.4328,2241,2
dos,high,20,2,700,1,3,80,800,122.288,2400286,218371,2170813,90.4398,516,0
dos,high,20,2,700,1,3,80,3200,104.88,2361682,187285,2163252,91.5979,597,0
dos,high,20,2,700,1,3,160,800,230.257,2657640,411173,2235333,84.1097,286,0
dos,high,20,2,700,1,3,160,3200,199.034,2580436,355417,2213831,85.7929,326,0
dos,high,20,2,700,1,7,20,800,74.5192,2296556,133070,2152301,93.7186,825,0
dos,high,20,2,700,1,7,20,3200,63.3758,2273514,113171,2149094,94.5274,960,0
dos,high,20,2,700,1,7,80,800,115.024,2786310,205400,2549288,91.4933,337,0
dos,high,20,2,700,1,7,80,3200,99.722,2689814,178075,2470418,91.8435,384,0
dos,high,20,2,700,1,7,160,800,360.143,3429686,643113,1,2.91572e-05,0,0
dos,high,20,2,700,1,7,160,3200,306.121,3236666,546645,1,3.0896e-05,0,0
dos,high,20,2,700,1,11,20,800,71.6632,2398972,127970,1,4.16845e-05,0,0
dos,high,20,2,700,1,11,20,3200,60.914,2360568,108775,1,4.23627e-05,0,0
dos,high,20,2,700,1,11,80,800,300.131,3215262,535949,1,3.11017e-05,0,0
dos,high,20,2,700,1,11,80,3200,255.105,3054386,455544,1,3.27398e-05,0,0
dos,high,20,2,700,1,11,160,800,600.222,4287476,1071825,1,2.33237e-05,0,0
dos,high,20,2,700,1,11,160,3200,510.231,3965920,911127,1,2.52148e-05,0,0
dos,high,1,10,700,1,3,20,800,29.7601,3275848,53143,3206878,97.8946,3665,45
dos,high,1,10,700,1,3,20,3200,25.3058,3266638,45189,3206370,98.155,3590,50
dos,high,1,10,700,1,3,80,800,120.371,3471758,214949,3234706,93.172,3060,9
dos,high,1,10,700,1,3,80,3200,103.531,3433148,184877,3221402,93.8323,3376,10
dos,high,1,10,700,1,3,160,800,223.992,3729108,399986,3296745,88.4057,1650,0
dos,high,1,10,700,1,3,160,3200,194.28,3651908,346928,3275728,89.6991,1910,0
dos,high,1,10,700,1,7,20,800,73.9508,3368028,132055,3213657,95.4166,4485,14
dos,high,1,10,700,1,7,20,3200,63.1473,3344988,112763,3215331,96.1238,5446,16
dos,high,1,10,700,1,7,80,800,271.165,3857788,484223,3335915,86.4722,1347,0
dos,high,1,10,700,1,7,80,3200,236.235,3761278,421848,3305629,87.8858,1561,0
dos,high,1,10,700,1,7,160,800,467.314,4501168,834489,3602909,80.0439,707,0
dos,high,1,10,700,1,7,160,3200,413.598,4308148,738567,3513678,81.5589,824,0
dos,high,1,10,700,1,11,20,800,119.718,3470438,213783,3234702,93.2073,3074,9
dos,high,1,10,700,1,11,20,3200,102.957,3432038,183851,3221294,93.8595,3396,9
dos,high,1,10,700,1,11,80,800,406.752,4286708,726343,3505351,81.7726,837,0
dos,high,1,10,700,1,11,80,3200,359.634,4125868,642204,3407862,82.5975,985,0
dos,high,1,10,700,1,11,160,800,653.458,5358988,1166889,4093356,76.383,445,0
dos,high,1,10,700,1,11,160,3200,589.975,5037328,1053526,3898153,77.3853,515,0
dos,high,20,10,700,1,3,20,800,29.7601,3275848,53143,3206878,97.8946,3665,45
dos,high,20,10,700,1,3,20,3200,25.3058,3266638,45189,3206370,98.155,3590,50
dos,high,20,10,700,1,3,80,800,120.371,3471758,214949,3234706,93.172,3060,9
dos,high,20,10,700,1,3,80,3200,103.531,3433148,184877,3221402,93.8323,3376,10
dos,high,20,10,700,1,3,160,800,223.992,3729108,399986,3296745,88.4057,1650,0
dos,high,20,10,700,1,3,160,3200,194.28,3651908,346928,3275728,89.6991,1910,0
dos,high,20,10,700,1,7,20,800,73.9508,3368028,132055,3213657,95.4166,4485,14
dos,high,20,10,700,1,7,20,3200,63.1473,3344988,112763,3215331,96.1238,5446,16
dos,high,20,10,700,1,7,80,800,108.382,3857788,193540,3604785,93.4418,1815,13
dos,high,20,10,700,1,7,80,3200,95.8552,3761278,171170,3531934,93.9025,2111,13
dos,high,20,10,700,1,7,160,800,352.838,4501168,630067,5,0.000111082,5,0
dos,high,20,10,700,1,7,160,3200,305.96,4308148,546358,5,0.000116059,5,0
dos,high,20,10,700,1,11,20,800,70.2134,3470438,125381,5,0.000144074,5,0
dos,high,20,10,700,1,11,20,3200,59.6842,3432038,106579,5,0.000145686,5,0
dos,high,20,10,700,1,11,80,800,294.033,4286708,525059,5,0.00011664,5,0
dos,high,20,10,700,1,11,80,3200,249.931,4125868,446305,5,0.000121187,5,0
dos,high,20,10,700,1,11,160,800,588.045,5358988,1050081,5,9.33012e-05,5,0
dos,high,20,10,700,1,11,160,3200,509.957,5037328,910638,6,0.000119111,5,0
dos,high,1,20,700,1,3,20,800,29.7058,3275858,53046,3207842,97.9237,3021,160
dos,high,1,20,700,1,3,20,3200,25.2465,3266638,45083,3207146,98.1788,3296,184
dos,high,1,20,700,1,3,80,800,115.843,3471758,206862,3238981,93.2951,6087,30
dos,high,1,20,700,1,3,80,3200,100.307,3433158,179119,3218366,93.7436,6174,40
dos,high,1,20,700,1,3,160,800,209.413,3729118,373951,3314928,88.8931,3427,19
dos,high,1,20,700,1,3,160,3200,184.102,3651898,328753,3269759,89.5359,3852,19
dos,high,1,20,700,1,7,20,800,72.2848,3368038,129080,3211317,95.3468,3812,51
dos,high,1,20,700,1,7,20,3200,61.95,3344998,110625,3209054,95.9359,3072,65
dos,high,1,20,700,1,7,80,800,249.908,3857798,446265,3363994,87.1998,2851,3
dos,high,1,20,700,1,7,80,3200,219.899,3761278,392677,3326501,88.4407,3270,18
dos,high,1,20,700,1,7,160,800,406.51,4501178,725911,3698246,82.1617,1572,0
dos,high,1,20,700,1,7,160,3200,366.405,4308158,654294,3581338,83.1292,1818,0
dos,high,1,20,700,1,11,20,800,115.336,3470438,205957,3238648,93.321,6136,30
dos,high,1,20,700,1,11,20,3200,100.04,3432038,178642,3217830,93.7586,6131,40
dos,high,1,20,700,1,11,80,800,358.94,4286718,640964,3574300,83.3808,1853,0
dos,high,1,20,700,1,11,80,3200,320.853,4125858,572952,3490445,84.5993,2137,0
dos,high,1,20,700,1,11,160,800,538.432,5359018,961486,4276963,79.8087,978,0
dos,high,1,20,700,1,11,160,3200,493.531,5037338,881305,4051804,80.4354,1137,0
dos,high,20,20,700,1,3,20,800,29.7058,3275858,53046,3207842,97.9237,3021,160
dos,high,20,20,700,1,3,20,3200,25.2465,3266638,45083,3207146,98.1788,3296,184
dos,high,20,20,700,1,3,80,800,115.807,3471758,206798,3239095,93.2984,6096,30
dos,high,20,20,700,1,3,80,3200,100.307,3433158,179119,3218366,93.7436,6174,40
dos,high,20,20,700,1,3,160,800,209.413,3729118,373951,3314928,88.8931,3427,19
dos,high,20,20,700,1,3,160,3200,184.102,3651898,328753,3269759,89.5359,3852,19
dos,high,20,20,700,1,7,20,800,72.2848,3368038,129080,3211317,95.3468,3812,51
dos,high,20,20,700,1,7,20,3200,61.95,3344998,110625,3209054,95.9359,3072,65
dos,high,20,20,700,1,7,80,800,90.4372,3857798,161495,3646284,94.5172,3870,49
dos,high,20,20,700,1,7,80,3200,81.639,3761278,145784,3543362,94.2063,4431,47
dos,high,20,20,700,1,7,160,800,356.238,4501178,636140,10,0.000222164,20,0
dos,high,20,20,700,1,7,160,3200,302.801,4308158,540716,10,0.000232118,21,0
dos,high,20,20,700,1,11,20,800,70.8943,3470438,126597,10,0.000288148,25,10
dos,high,20,20,700,1,11,20,3200,59.0414,3432038,105431,10,0.000291372,23,10
dos,high,20,20,700,1,11,80,800,299.82,4286718,535392,10,0.000233279,20,0
dos,high,20,20,700,1,11,80,3200,247.185,4125858,441401,10,0.000242374,23,0
dos,high,20,20,700,1,11,160,800,593.722,5359018,1060218,18,0.000335882,20,0
dos,high,20,20,700,1,11,160,3200,504.64,5037338,901143,16,0.000317628,20,0
dos,extreme,1,2,700,1,3,20,800,29.8077,3632878,53228,3568330,98.2232,1914,3
dos,extreme,1,2,700,1,3,20,3200,25.3165,3623662,45208,3567163,98.4408,2222,3
dos,extreme,1,2,700,1,3,80,800,122.288,3828782,218371,3599167,94.0029,498,0
dos,extreme,1,2,700,1,3,80,3200,104.88,3790178,187285,3591668,94.7625,579,0
dos,extreme,1,2,700,1,3,160,800,230.257,4086136,411173,3663686,89.6614,267,0
dos,extreme,1,2,700,1,3,160,3200,199.034,4008932,355417,3642185,90.8518,308,0
dos,extreme,1,2,700,1,7,20,800,74.5192,3725052,133070,3580717,96.1253,805,0
dos,extreme,1,2,700,1,7,20,3200,63.3758,3702010,113171,3577510,96.637,940,0
dos,extreme,1,2,700,1,7,80,800,280.981,4214806,501751,3701641,87.8247,220,0
dos,extreme,1,2,700,1,7,80,3200,243.799,4118310,435355,3671687,89.1552,252,0
dos,extreme,1,2,700,1,7,160,800,494.778,4858182,883532,3962959,81.5729,126,0
dos,extreme,1,2,700,1,7,160,3200,436.167,4665162,778869,3874765,83.0575,142,0
dos,extreme,1,2,700,1,11,20,800,121.425,3827468,216831,3599359,94.0402,500,0
dos,extreme,1,2,700,1,11,20,3200,104.136,3789064,185958,3591866,94.7956,581,0
dos,extreme,1,2,700,1,11,80,800,427.218,4643758,762890,3869325,83.3231,144,0
dos,extreme,1,2,700,1,11,80,3200,374.748,4482882,669193,3802188,84.8157,164,0
dos,extreme,1,2,700,1,11,160,800,708.469,5715972,1265124,4438929,77.6583,89,0
dos,extreme,1,2,700,1,11,160,3200,634.893,5394416,1133737,4248912,78.765,98,0
dos,extreme,20,2,700,1,3,20,800,29.8077,3632878,53228,3568330,98.2232,1914,3
dos,extreme,20,2,700,1,3,20,3200,25.3165,3623662,45208,3567163,98.4408,2222,3
dos,extreme,20,2,700,1,3,80,800,122.288,3828782,218371,3599167,94.0029,498,0
dos,extreme,20,2,700,1,3,80,3200,104.88,3790178,187285,3591668,94.7625,579,0
dos,extreme,20,2,700,1,3,160,800,230.257,4086136,411173,3663686,89.6614,267,0
dos,extreme,20,2,700,1,3,160,3200,199.034,4008932,355417,3642185,90.8518,308,0
dos,extreme,20,2,700,1,7,20,800,74.5192,3725052,133070,3580717,96.1253,805,0
dos,extreme,20,2,700,1,7,20,3200,63.3758,3702010,113171,3577510,96.637,940,0
dos,extreme,20,2,700,1,7,80,800,114.905,4214806,205187,3966062,94.0983,319,0
dos,extreme,20,2,700,1,7,80,3200,99.8822,4118310,178361,3880600,94.228,364,0
dos,extreme,20,2,700,1,7,160,800,360.143,4858182,643113,1,2.05838e-05,0,0
dos,extreme,20,2,700,1,7,160,3200,306.121,4665162,546645,1,2.14355e-05,0,0
dos,extreme,20,2,700,1,11,20,800,71.6632,3827468,127970,1,2.61269e-05,0,0
dos,extreme,20,2,700,1,11,20,3200,60.914,3789064,108775,1,2.63917e-05,0,0
dos,extreme,20,2,700,1,11,80,800,300.131,4643758,535949,1,2.15343e-05,0,0
dos,extreme,20,2,700,1,11,80,3200,255.105,4482882,455544,1,2.23071e-05,0,0
dos,extreme,20,2,700,1,11,160,800,600.222,5715972,1071825,1,1.74948e-05,0,0
dos,extreme,20,2,700,1,11,160,3200,510.231,5394416,911127,1,1.85377e-05,0,0
dos,extreme,1,10,700,1,3,20,800,29.778,7204306,53175,7135077,99.0391,5074,48
dos,extreme,1,10,700,1,3,20,3200,25.2907,7195096,45162,7134524,99.1581,4525,58
dos,extreme,1,10,700,1,3,80,800,119.725,7400216,213795,7156523,96.7069,2924,9
dos,extreme,1,10,700,1,3,80,3200,102.941,7361606,183823,7150599,97.1337,3372,9
dos,extreme,1,10,700,1,3,160,800,221.357,7657566,395280,7229650,94.4119,1573,0
dos,extreme,1,10,700,1,3,160,3200,192.381,7580366,343538,7207321,95.0788,1831,0
dos,extreme,1,10,700,1,7,20,800,73.7374,7296486,131674,7142249,97.8861,4569,16
dos,extreme,1,10,700,1,7,20,3200,62.8454,7273446,112224,7144159,98.2225,5414,23
dos,extreme,1,10,700,1,7,80,800,267.024,7786246,476828,7271457,93.3885,1276,0
dos,extreme,1,10,700,1,7,80,3200,233.069,7689736,416195,7239504,94.145,1486,0
dos,extreme,1,10,700,1,7,160,800,453.735,8429626,810241,7555391,89.629,665,0
dos,extreme,1,10,700,1,7,160,3200,403.453,8236606,720451,7460000,90.5713,777,0
dos,extreme,1,10,700,1,11,20,800,119.075,7398896,212634,7156471,96.7235,2939,9
dos,extreme,1,10,700,1,11,20,3200,102.372,7360496,182808,7150664,97.1492,3390,9
dos,extreme,1,10,700,1,11,80,800,398.196,8215166,711064,7448794,90.6713,789,0
dos,extreme,1,10,700,1,11,80,3200,352.888,8054326,630157,7348079,91.2315,929,0
dos,extreme,1,10,700,1,11,160,800,628.526,9287446,1122368,8065902,86.8474,418,0
dos,extreme,1,10,700,1,11,160,3200,569.762,8965786,1017432,7862446,87.6939,481,0
dos,extreme,20,10,700,1,3,20,800,29.778,7204306,53175,7135077,99.0391,5074,48
dos,extreme,20,10,700,1,3,20,3200,25.2907,7195096,45162,7134524,99.1581,4525,58
dos,extreme,20,10,700,1,3,80,800,119.725,7400216,213795,7156523,96.7069,2924,9
dos,extreme,20,10,700,1,3,80,3200,102.941,7361606,183823,7150599,97.1337,3372,9
dos,extreme,20,10,700,1,3,160,800,221.357,7657566,395280,7229650,94.4119,1573,0
dos,extreme,20,10,700,1,3,160,3200,192.381,7580366,343538,7207321,95.0788,1831,0
dos,extreme,20,10,700,1,7,20,800,73.7374,7296486,131674,7142249,97.8861,4569,16
dos,extreme,20,10,700,1,7,20,3200,62.8454,7273446,112224,7144159,98.2225,5414,23
dos,extreme,20,10,700,1,7,80,800,107.62,7786246,192178,7534222,96.7632,1762,14
dos,extreme,20,10,700,1,7,80,3200,92.9298,7689736,165946,7469162,97.1316,2048,14
dos,extreme,20,10,700,1,7,160,800,352.838,8429626,630067,5,5.93146e-05,5,0
dos,extreme,20,10,700,1,7,160,3200,305.96,8236606,546358,5,6.07046e-05,5,0
dos,extreme,20,10,700,1,11,20,800,70.2134,7398896,125381,5,6.75776e-05,5,0
dos,extreme,20,10,700,1,11,20,3200,59.6842,7360496,106579,5,6.79302e-05,5,0
dos,extreme,20,10,700,1,11,80,800,294.033,8215166,525059,5,6.0863e-05,5,0
dos,extreme,20,10,700,1,11,80,3200,249.931,8054326,446305,5,6.20784e-05,5,0
dos,extreme,20,10,700,1,11,160,800,588.045,9287446,1050081,5,5.38361e-05,5,0
dos,extreme,20,10,700,1,11,160,3200,509.957,8965786,910638,6,6.69211e-05,5,0
dos,extreme,1,20,700,1,3,20,800,29.7405,7204316,53108,7135404,99.0435,3312,165
dos,extreme,1,20,700,1,3,20,3200,25.2767,7195096,45137,7132704,99.1329,3220,179
dos,extreme,1,20,700,1,3,80,800,115.785,7400216,206759,7153279,96.6631,5834,31
dos,extreme,1,20,700,1,3,80,3200,99.9757,7361616,178528,7147200,97.0874,6466,41
dos,extreme,1,20,700,1,3,160,800,208.872,7657576,372986,7215844,94.2314,3185,18
dos,extreme,1,20,700,1,3,160,3200,182.731,7580356,326306,7193918,94.9021,3691,18
dos,extreme,1,20,700,1,7,20,800,72.1745,7296496,128883,7138149,97.8298,5053,64
dos,extreme,1,20,700,1,7,20,3200,61.875,7273456,110491,7136835,98.1216,4343,67
dos,extreme,1,20,700,1,7,80,800,249.056,7786256,444743,7261743,93.2636,2709,3
dos,extreme,1,20,700,1,7,80,3200,219.29,7689736,391589,7228510,94.0021,3099,16
dos,extreme,1,20,700,1,7,160,800,396.313,8429636,707702,7644714,90.6885,1514,0
dos,extreme,1,20,700,1,7,160,3200,357.377,8236616,638173,7525633,91.368,1761,0
dos,extreme,1,20,700,1,11,20,800,115.195,7398896,205705,7153088,96.6778,5873,31
dos,extreme,1,20,700,1,11,20,3200,99.4941,7360496,177668,7147072,97.1004,6484,41
dos,extreme,1,20,700,1,11,80,800,354.742,8215176,633467,7504130,91.3447,1787,0
dos,extreme,1,20,700,1,11,80,3200,317.303,8054316,566613,7419904,92.1233,2056,0
dos,extreme,1,20,700,1,11,160,800,523.907,9287476,935548,8231044,88.6252,943,0
dos,extreme,1,20,700,1,11,160,3200,480.954,8965796,858847,8002431,89.2551,1096,0
dos,extreme,20,20,700,1,3,20,800,29.7405,7204316,53108,7135404,99.0435,3312,165
dos,extreme,20,20,700,1,3,20,3200,25.2767,7195096,45137,7132704,99.1329,3220,179
dos,extreme,20,20,700,1,3,80,800,115.785,7400216,206759,7153279,96.6631,5834,31
dos,extreme,20,20,700,1,3,80,3200,99.9757,7361616,178528,7147200,97.0874,6466,41
dos,extreme,20,20,700,1,3,160,800,208.878,7657576,372997,7215843,94.2314,3185,18
dos,extreme,20,20,700,1,3,160,3200,182.731,7580356,326306,7193918,94.9021,3691,18
dos,extreme,20,20,700,1,7,20,800,72.1745,7296496,128883,7138149,97.8298,5053,64
dos,extreme,20,20,700,1,7,20,3200,61.875,7273456,110491,7136835,98.1216,4343,67
dos,extreme,20,20,700,1,7,80,800,93.0479,7786256,166157,7537824,96.8094,3694,47
dos,extreme,20,20,700,1,7,80,3200,84.3007,7689736,150537,7467174,97.1057,4275,50
dos,extreme,20,20,700,1,7,160,800,356.238,8429636,636140,10,0.000118629,20,0
dos,extreme,20,20,700,1,7,160,3200,302.801,8236616,540716,10,0.000121409,21,0
dos,extreme,20,20,700,1,11,20,800,70.8943,7398896,126597,10,0.000135155,25,10
dos,extreme,20,20,700,1,11,20,3200,59.0414,7360496,105431,10,0.00013586,23,10
dos,extreme,20,20,700,1,11,80,800,299.82,8215176,535392,10,0.000121726,20,0
dos,extreme,20,20,700,1,11,80,3200,247.185,8054316,441401,10,0.000124157,23,0
dos,extreme,20,20,700,1,11,160,800,593.722,9287476,1060218,18,0.000193809,20,0
dos,extreme,20,20,700,1,11,160,3200,504.64,8965796,901143,16,0.000178456,20,0
occupancy,low,1,2,700,1,3,20,800,24.677,144783,44066,89950,62.1275,2885,1
occupancy,low,1,2,700,1,3,20,3200,20.9591,135567,37427,87394,64.4655,3264,1
occupancy,low,1,2,700,1,3,80,800,101.959,340687,182070,147887,43.4085,918,0
occupancy,low,1,2,700,1,3,80,3200,87.4339,302083,156132,135212,44.7599,1036,0
occupancy,low,1,2,700,1,3,160,800,192.366,598041,343510,243711,40.7516,573,0
occupancy,low,1,2,700,1,3,160,3200,166.274,520837,296918,213117,40.9182,636,0
occupancy,low,1,2,700,1,7,20,800,62.0099,236957,110732,115504,48.7447,1368,0
occupancy,low,1,2,700,1,7,20,3200,52.6882,213915,94086,109095,50.9992,1563,0
occupancy,low,1,2,700,1,7,80,800,234.269,726711,418338,297532,40.9423,397,0
occupancy,low,1,2,700,1,7,80,3200,203.237,630215,362923,256441,40.691,551,0
occupancy,low,1,2,700,1,7,160,800,444.055,1370087,792956,566138,41.3213,173,0
occupancy,low,1,2,700,1,7,160,3200,385.771,1177067,688876,477240,40.5448,203,0
occupancy,low,1,2,700,1,11,20,800,101.337,339373,180959,147634,43.502,921,0
occupancy,low,1,2,700,1,11,20,3200,86.8924,300969,155165,135023,44.8628,1040,0
occupancy,low,1,2,700,1,11,80,800,380.031,1155663,678626,466104,40.3322,207,0
occupancy,low,1,2,700,1,11,80,3200,326.764,994787,583508,400374,40.2472,243,0
occupancy,low,1,2,700,1,11,160,800,661.324,2227877,1180935,1035712,46.4887,105,0
occupancy,low,1,2,700,1,11,160,3200,587.723,1906321,1049506,845630,44.3593,122,0
occupancy,low,20,2,700,1,3,20,800,24.677,144783,44066,89950,62.1275,2885,1
occupancy,low,20,2,700,1,3,20,3200,20.9591,135567,37427,87394,64.4655,3264,1
occupancy,low,20,2,700,1,3,80,800,101.959,340687,182070,147887,43.4085,918,0
occupancy,low,20,2,700,1,3,80,3200,87.4339,302083,156132,135212,44.7599,1036,0
occupancy,low,20,2,700,1,3,160,800,192.366,598041,343510,243711,40.7516,573,0
occupancy,low,20,2,700,1,3,160,3200,166.274,520837,296918,213117,40.9182,636,0
occupancy,low,20,2,700,1,7,20,800,62.0099,236957,110732,115504,48.7447,1368,0
occupancy,low,20,2,700,1,7,20,3200,52.6882,213915,94086,109095,50.9992,1563,0
occupancy,low,20,2,700,1,7,80,800,55.7122,726711,99486,612772,84.3213,703,1
occupancy,low,20,2,700,1,7,80,3200,48.2983,630215,86247,528424,83.8482,777,1
occupancy,low,20,2,700,1,7,160,800,360.143,1370087,643113,1,7.29881e-05,0,0
occupancy,low,20,2,700,1,7,160,3200,306.121,1177067,546645,1,8.49569e-05,0,0
occupancy,low,20,2,700,1,11,20,800,71.6632,339373,127970,1,0.000294661,0,0
occupancy,low,20,2,700,1,11,20,3200,60.914,300969,108775,1,0.00033226,0,0
occupancy,low,20,2,700,1,11,80,800,300.131,1155663,535949,1,8.65304e-05,0,0
occupancy,low,20,2,700,1,11,80,3200,255.105,994787,455544,1,0.000100524,0,0
occupancy,low,20,2,700,1,11,160,800,600.222,2227877,1071825,1,4.48858e-05,0,0
occupancy,low,20,2,700,1,11,160,3200,510.231,1906321,911127,1,5.24571e-05,0,0
occupancy,low,1,10,700,1,3,20,800,28.2212,144783,50395,83627,57.7602,3427,35
occupancy,low,1,10,700,1,3,20,3200,23.9366,135573,42744,82051,60.5216,3396,44
occupancy,low,1,10,700,1,3,80,800,116.278,340693,207639,119518,35.0808,3698,1
occupancy,low,1,10,700,1,3,80,3200,99.7343,302083,178097,110848,36.6946,4228,9
occupancy,low,1,10,700,1,3,160,800,218.877,598043,390852,180474,30.1774,1977,0
occupancy,low,1,10,700,1,3,160,3200,189.235,520843,337920,158637,30.4577,2274,0
occupancy,low,1,10,700,1,7,20,800,70.8971,236963,126602,97895,41.3124,5157,12
occupancy,low,1,10,700,1,7,20,3200,60.2666,213923,107619,95485,44.6352,5166,13
occupancy,low,1,10,700,1,7,80,800,266.429,726723,475766,233240,32.0948,1632,0
occupancy,low,1,10,700,1,7,80,3200,231.175,630213,412813,189760,30.1105,1875,0
occupancy,low,1,10,700,1,7,160,800,467.859,1370103,835462,509906,37.2166,864,0
occupancy,low,1,10,700,1,7,160,3200,412.579,1177083,736749,417810,35.4954,1001,0
occupancy,low,1,10,700,1,11,20,800,115.726,339373,206654,119160,35.1118,3716,1
occupancy,low,1,10,700,1,11,20,3200,99.2426,300973,177219,110583,36.7418,4248,10
occupancy,low,1,10,700,1,11,80,800,404.415,1155643,722169,411154,35.5779,1021,0
occupancy,low,1,10,700,1,11,80,3200,354.885,994803,633723,340481,34.226,1185,0
occupancy,low,1,10,700,1,11,160,800,664.789,2227923,1187124,964188,43.2774,557,0
occupancy,low,1,10,700,1,11,160,3200,596.247,1906263,1064726,811247,42.5569,632,0
occupancy,low,20,10,700,1,3,20,800,28.2212,144783,50395,83627,57.7602,3427,35
occupancy,low,20,10,700,1,3,20,3200,23.9366,135573,42744,82051,60.5216,3396,44
occupancy,low,20,10,700,1,3,80,800,116.278,340693,207639,119518,35.0808,3698,1
occupancy,low,20,10,700,1,3,80,3200,99.7343,302083,178097,110848,36.6946,4228,9
occupancy,low,20,10,700,1,3,160,800,218.877,598043,390852,180474,30.1774,1977,0
occupancy,low,20,10,700,1,3,160,3200,189.235,520843,337920,158637,30.4577,2274,0
occupancy,low,20,10,700,1,7,20,800,70.8971,236963,126602,97895,41.3124,5157,12
occupancy,low,20,10,700,1,7,20,3200,60.2666,213923,107619,95485,44.6352,5166,13
occupancy,low,20,10,700,1,7,80,800,81.4089,726723,145373,548204,75.4351,2145,12
occupancy,low,20,10,700,1,7,80,3200,73.3449,630213,130973,462747,73.4271,2492,12
occupancy,low,20,10,700,1,7,160,800,352.838,1370103,630067,5,0.000364936,5,0
occupancy,low,20,10,700,1,7,160,3200,305.96,1177083,546358,5,0.000424779,5,0
occupancy,low,20,10,700,1,11,20,800,70.2134,339373,125381,5,0.00147331,5,0
occupancy,low,20,10,700,1,11,20,3200,59.6842,300973,106579,5,0.00166128,5,0
occupancy,low,20,10,700,1,11,80,800,294.033,1155643,525059,5,0.00043266,5,0
occupancy,low,20,10,700,1,11,80,3200,249.931,994803,446305,5,0.000502612,5,0
occupancy,low,20,10,700,1,11,160,800,588.045,2227923,1050081,5,0.000224424,5,0
occupancy,low,20,10,700,1,11,160,3200,509.957,1906263,910638,6,0.000314752,5,0
occupancy,low,1,20,700,1,3,20,800,28.826,144793,51475,82164,56.7458,3580,148
occupancy,low,1,20,700,1,3,20,3200,24.4294,135573,43624,80893,59.6675,3927,169
occupancy,low,1,20,700,1,3,80,800,113.872,340693,203342,121075,35.5379,6238,24
occupancy,low,1,20,700,1,3,80,3200,98.1635,302093,175292,112446,37.2223,5706,43
occupancy,low,1,20,700,1,3,160,800,206.889,598053,369445,209465,35.0245,4026,12
occupancy,low,1,20,700,1,3,160,3200,180.569,520833,322445,180435,34.6435,4663,22
occupancy,low,1,20,700,1,7,20,800,70.6933,236973,126238,94307,39.7965,3161,48
occupancy,low,1,20,700,1,7,20,3200,60.4218,213933,107896,93028,43.4846,3325,65
occupancy,low,1,20,700,1,7,80,800,247.468,726733,441907,263591,36.2707,3288,1
occupancy,low,1,20,700,1,7,80,3200,217.202,630213,387860,222658,35.3306,3817,3
occupancy,low,1,20,700,1,7,160,800,408.113,1370113,728774,603435,44.0427,1716,1
occupancy,low,1,20,700,1,7,160,3200,365.925,1177093,653438,489736,41.6055,1996,1
occupancy,low,1,20,700,1,11,20,800,113.44,339373,202572,120526,35.5143,6218,24
occupancy,low,1,20,700,1,11,20,3200,97.7721,300973,174593,112067,37.2349,5626,43
occupancy,low,1,20,700,1,11,80,800,360.683,1155653,644076,478158,41.3756,2038,1
occupancy,low,1,20,700,1,11,80,3200,321.131,994793,573448,390721,39.2766,2373,1
occupancy,low,1,20,700,1,11,160,800,553.115,2227953,987706,1152256,51.7181,1080,0
occupancy,low,1,20,700,1,11,160,3200,504.009,1906273,900016,938874,49.2518,1251,0
occupancy,low,20,20,700,1,3,20,800,28.826,144793,51475,82164,56.7458,3580,148
occupancy,low,20,20,700,1,3,20,3200,24.4294,135573,43624,80893,59.6675,3927,169
occupancy,low,20,20,700,1,3,80,800,113.85,340693,203304,121126,35.5528,6228,24
occupancy,low,20,20,700,1,3,80,3200,98.1635,302093,175292,112446,37.2223,5706,43
occupancy,low,20,20,700,1,3,160,800,206.889,598053,369445,209465,35.0245,4026,12
occupancy,low,20,20,700,1,3,160,3200,180.569,520833,322445,180435,34.6435,4663,22
occupancy,low,20,20,700,1,7,20,800,70.6933,236973,126238,94307,39.7965,3161,48
occupancy,low,20,20,700,1,7,20,3200,60.4218,213933,107896,93028,43.4846,3325,65
occupancy,low,20,20,700,1,7,80,800,71.0892,726733,126945,548901,75.5299,4398,50
occupancy,low,20,20,700,1,7,80,3200,68.1005,630213,121608,463335,73.5204,5004,52
occupancy,low,20,20,700,1,7,160,800,356.238,1370113,636140,10,0.000729867,20,0
occupancy,low,20,20,700,1,7,160,3200,302.801,1177093,540716,10,0.000849551,21,0
occupancy,low,20,20,700,1,11,20,800,70.8943,339373,126597,10,0.00294661,25,10
occupancy,low,20,20,700,1,11,20,3200,59.0414,300973,105431,10,0.00332256,23,10
occupancy,low,20,20,700,1,11,80,800,299.82,1155653,535392,10,0.000865312,20,0
occupancy,low,20,20,700,1,11,80,3200,247.185,994793,441401,10,0.00100523,23,0
occupancy,low,20,20,700,1,11,160,800,593.722,2227953,1060218,18,0.000807917,20,0
occupancy,low,20,20,700,1,11,160,3200,504.64,1906273,901143,16,0.000839334,20,0
occupancy,medium,1,2,700,1,3,20,800,24.649,228116,44016,173311,75.9749,2755,1
occupancy,medium,1,2,700,1,3,20,3200,20.935,218900,37384,170743,78.0005,3125,1
occupancy,medium,1,2,700,1,3,80,800,101.9,424020,181964,231234,54.5337,811,0
occupancy,medium,1,2,700,1,3,80,3200,87.3701,385416,156018,218632,56.7262,930,0
occupancy,medium,1,2,700,1,3,160,800,192.317,681374,343423,327123,48.0093,468,0
occupancy,medium,1,2,700,1,3,160,3200,166.215,604170,296813,296527,49.0801,529,0
occupancy,medium,1,2,700,1,7,20,800,61.9674,320290,110656,198854,62.0856,1258,0
occupancy,medium,1,2,700,1,7,20,3200,52.6378,297248,93996,192451,64.7443,1452,0
occupancy,medium,1,2,700,1,7,80,800,234.207,810044,418227,380949,47.0282,399,0
occupancy,medium,1,2,700,1,7,80,3200,203.181,713548,362824,339858,47.6293,448,0
occupancy,medium,1,2,700,1,7,160,800,411.273,1453420,734416,707919,48.7071,257,0
occupancy,medium,1,2,700,1,7,160,3200,362.489,1260400,647302,602068,47.768,284,0
occupancy,medium,1,2,700,1,11,20,800,101.282,422706,180860,231051,54.66,815,0
occupancy,medium,1,2,700,1,11,20,3200,86.8319,384302,155057,218437,56.8399,934,0
occupancy,medium,1,2,700,1,11,80,800,355.463,1238996,634756,593236,47.8804,287,0
occupancy,medium,1,2,700,1,11,80,3200,311.741,1078120,556681,510487,47.3497,318,0
occupancy,medium,1,2,700,1,11,160,800,610.324,2311210,1089865,1210114,52.3585,106,0
occupancy,medium,1,2,700,1,11,160,3200,534.444,1989654,954364,1024128,51.4727,125,0
occupancy,medium,20,2,700,1,3,20,800,24.649,228116,44016,173311,75.9749,2755,1
occupancy,medium,20,2,700,1,3,20,3200,20.935,218900,37384,170743,78.0005,3125,1
occupancy,medium,20,2,700,1,3,80,800,101.9,424020,181964,231234,54.5337,811,0
occupancy,medium,20,2,700,1,3,80,3200,87.3701,385416,156018,218632,56.7262,930,0
occupancy,medium,20,2,700,1,3,160,800,192.317,681374,343423,327123,48.0093,468,0
occupancy,medium,20,2,700,1,3,160,3200,166.215,604170,296813,296527,49.0801,529,0
occupancy,medium,20,2,700,1,7,20,800,61.9674,320290,110656,198854,62.0856,1258,0
occupancy,medium,20,2,700,1,7,20,3200,52.6378,297248,93996,192451,64.7443,1452,0
occupancy,medium,20,2,700,1,7,80,800,55.4736,810044,99060,695848,85.9025,592,1
occupancy,medium,20,2,700,1,7,80,3200,48.3252,713548,86295,610727,85.5902,665,1
occupancy,medium,20,2,700,1,7,160,800,360.143,1453420,643113,1,6.88032e-05,0,0
occupancy,medium,20,2,700,1,7,160,3200,306.121,1260400,546645,1,7.93399e-05,0,0
occupancy,medium,20,2,700,1,11,20,800,71.6632,422706,127970,1,0.000236571,0,0
occupancy,medium,20,2,700,1,11,20,3200,60.914,384302,108775,1,0.000260212,0,0
occupancy,medium,20,2,700,1,11,80,800,300.131,1238996,535949,1,8.07105e-05,0,0
occupancy,medium,20,2,700,1,11,80,3200,255.105,1078120,455544,1,9.27541e-05,0,0
occupancy,medium,20,2,700,1,11,160,800,600.222,2311210,1071825,1,4.32674e-05,0,0
occupancy,medium,20,2,700,1,11,160,3200,510.231,1989654,911127,1,5.026e-05,0,0
occupancy,medium,1,10,700,1,3,20,800,28.1551,228116,50277,166270,72.8884,2745,35
occupancy,medium,1,10,700,1,3,20,3200,23.8734,218906,42631,164839,75.3013,2742,44
occupancy,medium,1,10,700,1,3,80,800,116.2,424026,207500,202948,47.8622,3660,1
occupancy,medium,1,10,700,1,3,80,3200,99.6744,385416,177990,196475,50.9774,4338,10
occupancy,medium,1,10,700,1,3,160,800,219.079,681376,391212,278936,40.9372,1986,0
occupancy,medium,1,10,700,1,3,160,3200,189.407,604176,338227,254808,42.1745,2314,1
occupancy,medium,1,10,700,1,7,20,800,70.8831,320296,126577,182791,57.0694,5470,12
occupancy,medium,1,10,700,1,7,20,3200,60.1726,297256,107451,178889,60.1801,5047,13
occupancy,medium,1,10,700,1,7,80,800,266.488,810056,475872,322861,39.8566,1606,0
occupancy,medium,1,10,700,1,7,80,3200,231.312,713546,413057,289247,40.5366,1875,0
occupancy,medium,1,10,700,1,7,160,800,467.886,1453436,835511,593316,40.8216,838,0
occupancy,medium,1,10,700,1,7,160,3200,412.595,1260416,736777,501082,39.7553,976,0
occupancy,medium,1,10,700,1,11,20,800,115.685,422706,206581,202569,47.922,3675,1
occupancy,medium,1,10,700,1,11,20,3200,99.2197,384306,177178,196201,51.0533,4355,10
occupancy,medium,1,10,700,1,11,80,800,404.387,1238976,722120,494486,39.9109,994,0
occupancy,medium,1,10,700,1,11,80,3200,354.585,1078136,633187,406003,37.6579,1172,0
occupancy,medium,1,10,700,1,11,160,800,665.031,2311256,1187556,1089853,47.1541,521,0
occupancy,medium,1,10,700,1,11,160,3200,595.754,1989596,1063846,895344,45.0013,606,0
occupancy,medium,20,10,700,1,3,20,800,28.1551,228116,50277,166270,72.8884,2745,35
occupancy,medium,20,10,700,1,3,20,3200,23.8734,218906,42631,164839,75.3013,2742,44
occupancy,medium,20,10,700,1,3,80,800,116.2,424026,207500,202948,47.8622,3660,1
occupancy,medium,20,10,700,1,3,80,3200,99.6744,385416,177990,196475,50.9774,4338,10
occupancy,medium,20,10,700,1,3,160,800,219.079,681376,391212,278936,40.9372,1986,0
occupancy,medium,20,10,700,1,3,160,3200,189.407,604176,338227,254808,42.1745,2314,1
occupancy,medium,20,10,700,1,7,20,800,70.8831,320296,126577,182791,57.0694,5470,12
occupancy,medium,20,10,700,1,7,20,3200,60.1726,297256,107451,178889,60.1801,5047,13
occupancy,medium,20,10,700,1,7,80,800,80.7223,810056,144147,624955,77.1496,2146,12
occupancy,medium,20,10,700,1,7,80,3200,71.5708,713546,127805,532412,74.615,2547,12
occupancy,medium,20,10,700,1,7,160,800,352.838,1453436,630067,5,0.000344012,5,0
occupancy,medium,20,10,700,1,7,160,3200,305.96,1260416,546358,5,0.000396694,5,0
occupancy,medium,20,10,700,1,11,20,800,70.2134,422706,125381,5,0.00118286,5,0
occupancy,medium,20,10,700,1,11,20,3200,59.6842,384306,106579,5,0.00130105,5,0
occupancy,medium,20,10,700,1,11,80,800,294.033,1238976,525059,5,0.000403559,5,0
occupancy,medium,20,10,700,1,11,80,3200,249.931,1078136,446305,5,0.000463763,5,0
occupancy,medium,20,10,700,1,11,160,800,588.045,2311256,1050081,5,0.000216333,5,0
occupancy,medium,20,10,700,1,11,160,3200,509.957,1989596,910638,6,0.000301569,5,0
occupancy,medium,1,20,700,1,3,20,800,28.3517,228126,50628,159959,70.1187,2756,127
occupancy,medium,1,20,700,1,3,20,3200,24.2368,218906,43280,161961,73.9866,3353,170
occupancy,medium,1,20,700,1,3,80,800,113.809,424026,203230,204487,48.2251,6133,24
occupancy,medium,1,20,700,1,3,80,3200,98.1294,385426,175231,195754,50.789,5532,43
occupancy,medium,1,20,700,1,3,160,800,207.389,681386,370337,281525,41.3165,3910,5
occupancy,medium,1,20,700,1,3,160,3200,180.968,604166,323157,254230,42.0795,4455,22
occupancy,medium,1,20,700,1,7,20,800,70.4609,320306,125823,177152,55.3071,2973,49
occupancy,medium,1,20,700,1,7,20,3200,60.1238,297266,107364,171465,57.6807,2194,66
occupancy,medium,1,20,700,1,7,80,800,248.274,810066,443346,332574,41.0552,3233,2
occupancy,medium,1,20,700,1,7,80,3200,217.764,713546,388864,294006,41.2035,3718,5
occupancy,medium,1,20,700,1,7,160,800,409.812,1453446,731807,664365,45.7096,1726,0
occupancy,medium,1,20,700,1,7,160,3200,367.228,1260426,655765,554331,43.9797,2009,1
occupancy,medium,1,20,700,1,11,20,800,113.464,422706,202614,199924,47.2962,5328,25
occupancy,medium,1,20,700,1,11,20,3200,97.7743,384306,174597,190866,49.6651,3784,42
occupancy,medium,1,20,700,1,11,80,800,362.067,1238986,646548,542867,43.8154,2048,1
occupancy,medium,1,20,700,1,11,80,3200,322.497,1078126,575887,458500,42.5275,2378,1
occupancy,medium,1,20,700,1,11,160,800,553.783,2311286,988898,1223655,52.9426,1071,0
occupancy,medium,1,20,700,1,11,160,3200,506.176,1989606,903885,1000093,50.2659,1247,0
occupancy,medium,20,20,700,1,3,20,800,28.3517,228126,50628,159959,70.1187,2756,127
occupancy,medium,20,20,700,1,3,20,3200,24.2368,218906,43280,161961,73.9866,3353,170
occupancy,medium,20,20,700,1,3,80,800,113.809,424026,203230,204487,48.2251,6133,24
occupancy,medium,20,20,700,1,3,80,3200,98.1294,385426,175231,195754,50.789,5532,43
occupancy,medium,20,20,700,1,3,160,800,207.389,681386,370337,281525,41.3165,3910,5
occupancy,medium,20,20,700,1,3,160,3200,180.968,604166,323157,254230,42.0795,4455,22
occupancy,medium,20,20,700,1,7,20,800,70.4609,320306,125823,177152,55.3071,2973,49
occupancy,medium,20,20,700,1,7,20,3200,60.1238,297266,107364,171465,57.6807,2194,66
occupancy,medium,20,20,700,1,7,80,800,75.6409,810066,135073,590756,72.9269,4316,45
occupancy,medium,20,20,700,1,7,80,3200,68.6762,713546,122636,517289,72.4955,4963,48
occupancy,medium,20,20,700,1,7,160,800,356.238,1453446,636140,10,0.00068802,20,0
occupancy,medium,20,20,700,1,7,160,3200,302.801,1260426,540716,10,0.000793383,21,0
occupancy,medium,20,20,700,1,11,20,800,70.8943,422706,126597,10,0.00236571,25,10
occupancy,medium,20,20,700,1,11,20,3200,59.0414,384306,105431,10,0.00260209,23,10
occupancy,medium,20,20,700,1,11,80,800,299.82,1238986,535392,10,0.000807112,20,0
occupancy,medium,20,20,700,1,11,80,3200,247.185,1078126,441401,10,0.000927535,23,0
occupancy,medium,20,20,700,1,11,160,800,593.722,2311286,1060218,18,0.000778787,20,0
occupancy,medium,20,20,700,1,11,160,3200,504.64,1989606,901143,16,0.000804179,20,0
occupancy,high,1,2,700,1,3,20,800,24.6327,394783,43987,339965,86.1144,2679,1
occupancy,high,1,2,700,1,3,20,3200,20.9188,385567,37355,337342,87.4924,3040,1
occupancy,high,1,2,700,1,3,80,800,101.802,590687,181789,398042,67.3863,755,0
occupancy,high,1,2,700,1,3,80,3200,87.3174,552083,155924,385295,69.7893,872,0
occupancy,high,1,2,700,1,3,160,800,192.252,848041,343308,493852,58.2344,413,0
occupancy,high,1,2,700,1,3,160,3200,166.159,770837,296713,463261,60.0984,474,0
occupancy,high,1,2,700,1,7,20,800,61.9058,486957,110546,365588,75.076,1200,0
occupancy,high,1,2,700,1,7,20,3200,52.5963,463915,93922,359177,77.423,1391,0
occupancy,high,1,2,700,1,7,80,800,234.146,976711,418118,547676,56.0735,343,0
occupancy,high,1,2,700,1,7,80,3200,203.113,880215,362702,506586,57.5525,392,0
occupancy,high,1,2,700,1,7,160,800,411.221,1620087,734324,874657,53.9883,203,0
occupancy,high,1,2,700,1,7,160,3200,362.427,1427067,647191,768801,53.8728,228,0
occupancy,high,1,2,700,1,11,20,800,101.182,589373,180683,397847,67.5034,759,0
occupancy,high,1,2,700,1,11,20,3200,86.7765,550969,154958,385163,69.9065,878,0
occupancy,high,1,2,700,1,11,80,800,355.401,1405663,634645,759969,54.0648,231,0
occupancy,high,1,2,700,1,11,80,3200,311.683,1244787,556576,677215,54.4041,262,0
occupancy,high,1,2,700,1,11,160,800,587.151,2477877,1048484,1417957,57.2247,147,0
occupancy,high,1,2,700,1,11,160,3200,525.898,2156321,939103,1205795,55.9191,162,0
occupancy,high,20,2,700,1,3,20,800,24.6327,394783,43987,339965,86.1144,2679,1
occupancy,high,20,2,700,1,3,20,3200,20.9188,385567,37355,337342,87.4924,3040,1
occupancy,high,20,2,700,1,3,80,800,101.802,590687,181789,398042,67.3863,755,0
occupancy,high,20,2,700,1,3,80,3200,87.3174,552083,155924,385295,69.7893,872,0
occupancy,high,20,2,700,1,3,160,800,192.252,848041,343308,493852,58.2344,413,0
occupancy,high,20,2,700,1,3,160,3200,166.159,770837,296713,463261,60.0984,474,0
occupancy,high,20,2,700,1,7,20,800,61.9058,486957,110546,365588,75.076,1200,0
occupancy,high,20,2,700,1,7,20,3200,52.5963,463915,93922,359177,77.423,1391,0
occupancy,high,20,2,700,1,7,80,800,55.0872,976711,98370,861675,88.2221,536,1
occupancy,high,20,2,700,1,7,80,3200,48.3801,880215,86393,775081,88.0559,606,1
occupancy,high,20,2,700,1,7,160,800,360.143,1620087,643113,1,6.17251e-05,0,0
occupancy,high,20,2,700,1,7,160,3200,306.121,1427067,546645,1,7.00738e-05,0,0
occupancy,high,20,2,700,1,11,20,800,71.6632,589373,127970,1,0.000169672,0,0
occupancy,high,20,2,700,1,11,20,3200,60.914,550969,108775,1,0.000181498,0,0
occupancy,high,20,2,700,1,11,80,800,300.131,1405663,535949,1,7.11408e-05,0,0
occupancy,high,20,2,700,1,11,80,3200,255.105,1244787,455544,1,8.0335e-05,0,0
occupancy,high,20,2,700,1,11,160,800,600.222,2477877,1071825,1,4.03571e-05,0,0
occupancy,high,20,2,700,1,11,160,3200,510.231,2156321,911127,1,4.63753e-05,0,0
occupancy,high,1,10,700,1,3,20,800,27.8186,394783,49676,329636,83.498,1998,35
occupancy,high,1,10,700,1,3,20,3200,23.7838,385573,42471,329871,85.5534,2081,43
occupancy,high,1,10,700,1,3,80,800,116.043,590693,207219,364538,61.7136,3375,2
occupancy,high,1,10,700,1,3,80,3200,99.199,552083,177141,354947,64.2923,3763,4
occupancy,high,1,10,700,1,3,160,800,218.959,848043,390999,445689,52.555,1974,0
occupancy,high,1,10,700,1,3,160,3200,189.323,770843,338077,421479,54.6777,2302,1
occupancy,high,1,10,700,1,7,20,800,70.8137,486963,126453,347868,71.4362,4995,12
occupancy,high,1,10,700,1,7,20,3200,60.1154,463923,107349,344152,74.183,4277,13
occupancy,high,1,10,700,1,7,80,800,266.426,976723,475760,489528,50.1194,1595,0
occupancy,high,1,10,700,1,7,80,3200,231.116,880213,412708,456122,51.8195,1862,0
occupancy,high,1,10,700,1,7,160,800,467.784,1620103,835328,760051,46.9137,826,0
occupancy,high,1,10,700,1,7,160,3200,412.444,1427083,736508,678734,47.5609,959,0
occupancy,high,1,10,700,1,11,20,800,115.43,589373,206125,364316,61.8142,3396,2
occupancy,high,1,10,700,1,11,20,3200,98.6653,550973,176188,354872,64.4082,3788,4
occupancy,high,1,10,700,1,11,80,800,404.494,1405643,722311,671562,47.7761,977,0
occupancy,high,1,10,700,1,11,80,3200,354.583,1244803,633184,572614,46.0004,1155,0
occupancy,high,1,10,700,1,11,160,800,665.156,2477923,1187778,1256257,50.698,508,0
occupancy,high,1,10,700,1,11,160,3200,595.454,2156263,1063311,1062462,49.2733,591,0
occupancy,high,20,10,700,1,3,20,800,27.8186,394783,49676,329636,83.498,1998,35
occupancy,high,20,10,700,1,3,20,3200,23.7838,385573,42471,329871,85.5534,2081,43
occupancy,high,20,10,700,1,3,80,800,116.043,590693,207219,364538,61.7136,3375,2
occupancy,high,20,10,700,1,3,80,3200,99.199,552083,177141,354947,64.2923,3763,4
occupancy,high,20,10,700,1,3,160,800,218.959,848043,390999,445689,52.555,1974,0
occupancy,high,20,10,700,1,3,160,3200,189.323,770843,338077,421479,54.6777,2302,1
occupancy,high,20,10,700,1,7,20,800,70.8137,486963,126453,347868,71.4362,4995,12
occupancy,high,20,10,700,1,7,20,3200,60.1154,463923,107349,344152,74.183,4277,13
occupancy,high,20,10,700,1,7,80,800,81.4386,976723,145426,769217,78.7549,2177,12
occupancy,high,20,10,700,1,7,80,3200,74.3316,880213,132735,709145,80.5652,2449,12
occupancy,high,20,10,700,1,7,160,800,352.838,1620103,630067,5,0.000308622,5,0
occupancy,high,20,10,700,1,7,160,3200,305.96,1427083,546358,5,0.000350365,5,0
occupancy,high,20,10,700,1,11,20,800,70.2134,589373,125381,5,0.000848359,5,0
occupancy,high,20,10,700,1,11,20,3200,59.6842,550973,106579,5,0.000907485,5,0
occupancy,high,20,10,700,1,11,80,800,294.033,1405643,525059,5,0.000355709,5,0
occupancy,high,20,10,700,1,11,80,3200,249.931,1244803,446305,5,0.00040167,5,0
occupancy,high,20,10,700,1,11,160,800,588.045,2477923,1050081,5,0.000201782,5,0
occupancy,high,20,10,700,1,11,160,3200,509.957,2156263,910638,6,0.000278259,5,0
occupancy,high,1,20,700,1,3,20,800,28.5578,394793,50996,329536,83.4706,2735,137
occupancy,high,1,20,700,1,3,20,3200,24.2189,385573,43248,328518,85.2025,3117,170
occupancy,high,1,20,700,1,3,80,800,113.451,590693,202591,363810,61.5904,5809,25
occupancy,high,1,20,700,1,3,80,3200,97.692,552093,174450,355328,64.3602,4585,42
occupancy,high,1,20,700,1,3,160,800,207.431,848053,370413,445413,52.5218,3760,6
occupancy,high,1,20,700,1,3,160,3200,181.064,770833,323329,418436,54.2836,4263,22
occupancy,high,1,20,700,1,7,20,800,69.7441,486973,124543,341838,70.1965,2596,51
occupancy,high,1,20,700,1,7,20,3200,59.7923,463933,106772,332171,71.5989,1831,60
occupancy,high,1,20,700,1,7,80,800,248.422,976733,443611,495685,50.7493,3134,2
occupancy,high,1,20,700,1,7,80,3200,217.825,880213,388973,457720,52.001,3591,6
occupancy,high,1,20,700,1,7,160,800,410.587,1620113,733191,823192,50.8108,1719,0
occupancy,high,1,20,700,1,7,160,3200,367.879,1427093,656927,714375,50.0581,1996,1
occupancy,high,1,20,700,1,11,20,800,112.967,589373,201727,363367,61.6531,5817,25
occupancy,high,1,20,700,1,11,20,3200,97.0166,550973,173244,354359,64.3151,4514,41
occupancy,high,1,20,700,1,11,80,800,362.318,1405653,646997,703751,50.0658,2031,1
occupancy,high,1,20,700,1,11,80,3200,322.844,1244793,576508,619892,49.7988,2346,1
occupancy,high,1,20,700,1,11,160,800,555.112,2477953,991272,1377214,55.5787,1071,0
occupancy,high,1,20,700,1,11,160,3200,505.384,2156273,902472,1177250,54.5965,1235,0
occupancy,high,20,20,700,1,3,20,800,28.5578,394793,50996,329536,83.4706,2735,137
occupancy,high,20,20,700,1,3,20,3200,24.2189,385573,43248,328518,85.2025,3117,170
occupancy,high,20,20,700,1,3,80,800,113.451,590693,202591,363810,61.5904,5809,25
occupancy,high,20,20,700,1,3,80,3200,97.692,552093,174450,355328,64.3602,4585,42
occupancy,high,20,20,700,1,3,160,800,207.431,848053,370413,445413,52.5218,3760,6
occupancy,high,20,20,700,1,3,160,3200,181.064,770833,323329,418436,54.2836,4263,22
occupancy,high,20,20,700,1,7,20,800,69.7441,486973,124543,341838,70.1965,2596,51
occupancy,high,20,20,700,1,7,20,3200,59.7923,463933,106772,332171,71.5989,1831,60
occupancy,high,20,20,700,1,7,80,800,77.5303,976733,138447,789744,80.8557,4287,47
occupancy,high,20,20,700,1,7,80,3200,68.5972,880213,122495,691972,78.6142,4857,46
occupancy,high,20,20,700,1,7,160,800,356.238,1620113,636140,10,0.000617241,20,0
occupancy,high,20,20,700,1,7,160,3200,302.801,1427093,540716,10,0.000700725,21,0
occupancy,high,20,20,700,1,11,20,800,70.8943,589373,126597,10,0.00169672,25,10
occupancy,high,20,20,700,1,11,20,3200,59.0414,550973,105431,10,0.00181497,23,10
occupancy,high,20,20,700,1,11,80,800,299.82,1405653,535392,10,0.000711413,20,0
occupancy,high,20,20,700,1,11,80,3200,247.185,1244793,441401,10,0.000803346,23,0
occupancy,high,20,20,700,1,11,160,800,593.722,2477953,1060218,18,0.000726406,20,0
occupancy,high,20,20,700,1,11,160,3200,504.64,2156273,901143,16,0.000742021,20,0
occupancy,extreme,1,2,700,1,3,20,800,24.6243,561449,43972,506551,90.2221,2646,1
occupancy,extreme,1,2,700,1,3,20,3200,20.9126,552233,37344,503998,91.2655,3007,1
occupancy,extreme,1,2,700,1,3,80,800,101.781,757353,181751,564696,74.5618,735,0
occupancy,extreme,1,2,700,1,3,80,3200,87.2575,718749,155817,552020,76.8029,853,0
occupancy,extreme,1,2,700,1,3,160,800,192.161,1014707,343145,660578,65.1004,394,0
occupancy,extreme,1,2,700,1,3,160,3200,166.071,937503,296555,629982,67.1979,456,0
occupancy,extreme,1,2,700,1,7,20,800,61.9013,653623,110538,532236,81.4286,1179,0
occupancy,extreme,1,2,700,1,7,20,3200,52.5554,630581,93849,525764,83.3777,1368,0
occupancy,extreme,1,2,700,1,7,80,800,234.1,1143377,418036,714400,62.4816,324,0
occupancy,extreme,1,2,700,1,7,80,3200,203.03,1046881,362553,673376,64.3221,373,0
occupancy,extreme,1,2,700,1,7,160,800,411.1,1786753,734107,1041317,58.2799,184,0
occupancy,extreme,1,2,700,1,7,160,3200,362.329,1593733,647016,935460,58.6962,209,0
occupancy,extreme,1,2,700,1,11,20,800,101.158,756039,180640,564503,74.6659,738,0
occupancy,extreme,1,2,700,1,11,20,3200,86.7177,717635,154853,551888,76.9037,857,0
occupancy,extreme,1,2,700,1,11,80,800,355.291,1572329,634448,926627,58.9334,211,0
occupancy,extreme,1,2,700,1,11,80,3200,311.579,1411453,556391,843809,59.783,241,0
occupancy,extreme,1,2,700,1,11,160,800,587.168,2644543,1048515,1584615,59.9202,127,0
occupancy,extreme,1,2,700,1,11,160,3200,525.926,2322987,939153,1372519,59.0842,142,0
occupancy,extreme,20,2,700,1,3,20,800,24.6243,561449,43972,506551,90.2221,2646,1
occupancy,extreme,20,2,700,1,3,20,3200,20.9126,552233,37344,503998,91.2655,3007,1
occupancy,extreme,20,2,700,1,3,80,800,101.781,757353,181751,564696,74.5618,735,0
occupancy,extreme,20,2,700,1,3,80,3200,87.2575,718749,155817,552020,76.8029,853,0
occupancy,extreme,20,2,700,1,3,160,800,192.161,1014707,343145,660578,65.1004,394,0
occupancy,extreme,20,2,700,1,3,160,3200,166.071,937503,296555,629982,67.1979,456,0
occupancy,extreme,20,2,700,1,7,20,800,61.9013,653623,110538,532236,81.4286,1179,0
occupancy,extreme,20,2,700,1,7,20,3200,52.5554,630581,93849,525764,83.3777,1368,0
occupancy,extreme,20,2,700,1,7,80,800,55.2031,1143377,98577,1026859,89.8093,517,1
occupancy,extreme,20,2,700,1,7,80,3200,48.0351,1046881,85777,940332,89.8222,591,1
occupancy,extreme,20,2,700,1,7,160,800,360.143,1786753,643113,1,5.59674e-05,0,0
occupancy,extreme,20,2,700,1,7,160,3200,306.121,1593733,546645,1,6.27458e-05,0,0
occupancy,extreme,20,2,700,1,11,20,800,71.6632,756039,127970,1,0.000132268,0,0
occupancy,extreme,20,2,700,1,11,20,3200,60.914,717635,108775,1,0.000139347,0,0
occupancy,extreme,20,2,700,1,11,80,800,300.131,1572329,535949,1,6.35999e-05,0,0
occupancy,extreme,20,2,700,1,11,80,3200,255.105,1411453,455544,1,7.0849e-05,0,0
occupancy,extreme,20,2,700,1,11,160,800,600.222,2644543,1071825,1,3.78137e-05,0,0
occupancy,extreme,20,2,700,1,11,160,3200,510.231,2322987,911127,1,4.3048e-05,0,0
occupancy,extreme,1,10,700,1,3,20,800,27.9955,561449,49992,497732,88.6513,2045,35
occupancy,extreme,1,10,700,1,3,20,3200,23.772,552239,42450,496439,89.8957,2042,43
occupancy,extreme,1,10,700,1,3,80,800,116.1,757359,207322,536123,70.7885,3620,1
occupancy,extreme,1,10,700,1,3,80,3200,99.5826,718749,177826,527472,73.3875,4140,10
occupancy,extreme,1,10,700,1,3,160,800,218.957,1014709,390995,607102,59.8302,1948,0
occupancy,extreme,1,10,700,1,3,160,3200,189.267,937509,337977,583672,62.2577,2261,1
occupancy,extreme,1,10,700,1,7,20,800,70.378,653629,125675,510461,78.0964,4434,12
occupancy,extreme,1,10,700,1,7,20,3200,59.7419,630589,106682,507327,80.4529,3872,12
occupancy,extreme,1,10,700,1,7,80,800,266.266,1143389,475475,637115,55.7216,1566,0
occupancy,extreme,1,10,700,1,7,80,3200,231.129,1046879,412730,617159,58.9523,1842,0
occupancy,extreme,1,10,700,1,7,160,800,467.788,1786769,835335,926582,51.858,818,0
occupancy,extreme,1,10,700,1,7,160,3200,412.387,1593749,736406,812760,50.9967,971,0
occupancy,extreme,1,10,700,1,11,20,800,115.585,756039,206402,535744,70.862,3632,1
occupancy,extreme,1,10,700,1,11,20,3200,99.0982,717639,176961,527273,73.4733,4160,11
occupancy,extreme,1,10,700,1,11,80,800,404.258,1572309,721890,827821,52.65,978,0
occupancy,extreme,1,10,700,1,11,80,3200,354.637,1411469,633281,757287,53.6524,1142,0
occupancy,extreme,1,10,700,1,11,160,800,664.463,2644589,1186541,1424007,53.8461,503,0
occupancy,extreme,1,10,700,1,11,160,3200,595.639,2322929,1063641,1192307,51.3277,598,0
occupancy,extreme,20,10,700,1,3,20,800,27.9955,561449,49992,497732,88.6513,2045,35
occupancy,extreme,20,10,700,1,3,20,3200,23.772,552239,42450,496439,89.8957,2042,43
occupancy,extreme,20,10,700,1,3,80,800,116.1,757359,207322,536123,70.7885,3620,1
occupancy,extreme,20,10,700,1,3,80,3200,99.5826,718749,177826,527472,73.3875,4140,10
occupancy,extreme,20,10,700,1,3,160,800,218.957,1014709,390995,607102,59.8302,1948,0
occupancy,extreme,20,10,700,1,3,160,3200,189.267,937509,337977,583672,62.2577,2261,1
occupancy,extreme,20,10,700,1,7,20,800,70.378,653629,125675,510461,78.0964,4434,12
occupancy,extreme,20,10,700,1,7,20,3200,59.7419,630589,106682,507327,80.4529,3872,12
occupancy,extreme,20,10,700,1,7,80,800,81.284,1143389,145150,954972,83.5212,2119,12
occupancy,extreme,20,10,700,1,7,80,3200,72.0446,1046879,128651,879277,83.9903,2466,12
occupancy,extreme,20,10,700,1,7,160,800,352.838,1786769,630067,5,0.000279835,5,0
occupancy,extreme,20,10,700,1,7,160,3200,305.96,1593749,546358,5,0.000313726,5,0
occupancy,extreme,20,10,700,1,11,20,800,70.2134,756039,125381,5,0.000661342,5,0
occupancy,extreme,20,10,700,1,11,20,3200,59.6842,717639,106579,5,0.000696729,5,0
occupancy,extreme,20,10,700,1,11,80,800,294.033,1572309,525059,5,0.000318004,5,0
occupancy,extreme,20,10,700,1,11,80,3200,249.931,1411469,446305,5,0.000354241,5,0
occupancy,extreme,20,10,700,1,11,160,800,588.045,2644589,1050081,5,0.000189065,5,0
occupancy,extreme,20,10,700,1,11,160,3200,509.957,2322929,910638,6,0.000258295,5,0
occupancy,extreme,1,20,700,1,3,20,800,28.5057,561459,50903,496140,88.3662,2685,137
occupancy,extreme,1,20,700,1,3,20,3200,24.1713,552239,43163,495144,89.6612,3058,171
occupancy,extreme,1,20,700,1,3,80,800,113.037,757359,201852,529798,69.9534,5833,25
occupancy,extreme,1,20,700,1,3,80,3200,97.3868,718759,173905,521271,72.5238,4544,41
occupancy,extreme,1,20,700,1,3,160,800,207.468,1014719,370478,606734,59.7933,3588,7
occupancy,extreme,1,20,700,1,3,160,3200,180.808,937499,322871,581013,61.9748,4126,21
occupancy,extreme,1,20,700,1,7,20,800,70.1529,653639,125273,509149,77.8945,2405,49
occupancy,extreme,1,20,700,1,7,20,3200,59.8993,630599,106963,504987,80.0805,2108,65
occupancy,extreme,1,20,700,1,7,80,800,250.288,1143399,446943,623499,54.5303,2886,1
occupancy,extreme,1,20,700,1,7,80,3200,217.924,1046879,389150,618544,59.0846,3408,5
occupancy,extreme,1,20,700,1,7,160,800,415.516,1786779,741992,916661,51.3024,1691,0
occupancy,extreme,1,20,700,1,7,160,3200,372.153,1593759,664559,813186,51.0231,1864,0
occupancy,extreme,1,20,700,1,11,20,800,112.166,756039,200297,528718,69.9326,5894,25
occupancy,extreme,1,20,700,1,11,20,3200,96.8548,717639,172955,510365,71.1172,2706,28
occupancy,extreme,1,20,700,1,11,80,800,363.626,1572319,649332,851862,54.1787,1914,1
occupancy,extreme,1,20,700,1,11,80,3200,323.814,1411459,578239,771097,54.6312,2175,1
occupancy,extreme,1,20,700,1,11,160,800,556.191,2644619,993198,1531040,57.8926,1073,0
occupancy,extreme,1,20,700,1,11,160,3200,508.039,2322939,907213,1311501,56.4587,1250,0
occupancy,extreme,20,20,700,1,3,20,800,28.5057,561459,50903,496140,88.3662,2685,137
occupancy,extreme,20,20,700,1,3,20,3200,24.1713,552239,43163,495144,89.6612,3058,171
occupancy,extreme,20,20,700,1,3,80,800,113.037,757359,201852,529798,69.9534,5833,25
occupancy,extreme,20,20,700,1,3,80,3200,97.3868,718759,173905,521271,72.5238,4544,41
occupancy,extreme,20,20,700,1,3,160,800,207.468,1014719,370478,606734,59.7933,3588,7
occupancy,extreme,20,20,700,1,3,160,3200,180.808,937499,322871,581013,61.9748,4126,21
occupancy,extreme,20,20,700,1,7,20,800,70.1529,653639,125273,509149,77.8945,2405,49
occupancy,extreme,20,20,700,1,7,20,3200,59.8993,630599,106963,504987,80.0805,2108,65
occupancy,extreme,20,20,700,1,7,80,800,76.3493,1143399,136338,957577,83.7483,4289,47
occupancy,extreme,20,20,700,1,7,80,3200,69.179,1046879,123534,857292,81.8903,4851,44
occupancy,extreme,20,20,700,1,7,160,800,356.238,1786779,636140,10,0.000559666,20,0
occupancy,extreme,20,20,700,1,7,160,3200,302.801,1593759,540716,10,0.000627447,21,0
occupancy,extreme,20,20,700,1,11,20,800,70.8943,756039,126597,10,0.00132268,25,10
occupancy,extreme,20,20,700,1,11,20,3200,59.0414,717639,105431,10,0.00139346,23,10
occupancy,extreme,20,20,700,1,11,80,800,299.82,1572319,535392,10,0.000636003,20,0
occupancy,extreme,20,20,700,1,11,80,3200,247.185,1411459,441401,10,0.000708487,23,0
occupancy,extreme,20,20,700,1,11,160,800,593.722,2644619,1060218,18,0.000680627,20,0
occupancy,extreme,20,20,700,1,11,160,3200,504.64,2322939,901143,16,0.000688783,20,0
